Business Date,Symbol,Transaction Date and Time,Last Price (USD),Last Quantity
20260706,MLB-WIN-IT5-01OB4CFNVS3O938-PHES000,07/06/26 09:45 AM EDT,$0.66,21
20260706,KBO-WIN-FG-00N8UBUQPIT766O-NCOS000,07/06/26 10:14 AM EDT,$0.52,90
20260706,MLB-WIN-IT5-01OB4CFNVS3O938-PHES000,07/06/26 10:18 AM EDT,$0.66,14
20260706,MLB-WIN-IT5-01OB4CCDVS3O8TG-ATES000,07/06/26 10:20 AM EDT,$0.53,5
20260706,MLB-WIN-IT5-01OB4DH0VS3R89O-MIRS000,07/06/26 10:24 AM EDT,$0.50,8
20260706,MLB-MOVY-IT5-01OB4CFNVS3O938-PHES000-GTE-P00015,07/06/26 10:35 AM EDT,$0.42,88
20260706,MLB-WIN-IT5-01OB4CFNVS3O938-PHES000,07/06/26 10:41 AM EDT,$0.65,447
20260706,MLB-TRUNS-IT5-01OB4CFNVS3O938-GTE-P00045,07/06/26 10:49 AM EDT,$0.46,250
20260706,MLB-WIN-IT5-01OB4CFNVS3O938-PHES000,07/06/26 10:56 AM EDT,$0.66,110
20260706,MLB-WIN-IT5-01OB4CFNVS3O938-PHES000,07/06/26 11:04 AM EDT,$0.66,7
20260706,MLB-WIN-IT5-01OB4CFNVS3O938-PHES000,07/06/26 11:05 AM EDT,$0.66,220
20260706,MLB-WIN-IT5-01OB4CCDVS3O8TG-ATES000,07/06/26 11:06 AM EDT,$0.53,27
20260706,MLB-TRUNS-IT5-01OB4DLNVS3R8QG-GTE-P00055,07/06/26 11:16 AM EDT,$0.50,28
20260706,MLB-TRUNS-IT5-01OB4CCRVS3O918-GTE-P00055,07/06/26 11:21 AM EDT,$0.49,19
20260706,MLB-WIN-IT5-01OB4CFNVS3O938-PHES000,07/06/26 11:23 AM EDT,$0.64,10
20260706,MLB-WIN-IT5-01OB4DLNVS3R8QG-LARS000,07/06/26 11:23 AM EDT,$0.64,1
20260706,MLB-TRUNS-IT5-01OB4CFNVS3O938-GTE-P00045,07/06/26 11:25 AM EDT,$0.43,74
20260706,MLB-WIN-IT5-01OB4CFNVS3O938-PHES000,07/06/26 11:27 AM EDT,$0.64,45
20260706,MLB-WIN-IT5-01OB4CFNVS3O938-PHES000,07/06/26 11:30 AM EDT,$0.65,151
20260706,MLB-MOVY-IT5-01OB4CFNVS3O938-PHES000-GTE-P00005,07/06/26 11:34 AM EDT,$0.52,22
20260706,MLB-MOVY-IT5-01OB4DLNVS3R8QG-LARS000-GTE-P00005,07/06/26 11:36 AM EDT,$0.58,125
20260706,MLB-TRUNS-IT5-01OB4CFNVS3O938-GTE-P00045,07/06/26 11:40 AM EDT,$0.45,17
20260706,MLB-MOVY-IT5-01OB4CFNVS3O938-PHES000-GTE-P00005,07/06/26 11:43 AM EDT,$0.56,17
20260706,MLB-MOVY-IT5-01OB4CFNVS3O938-PHES000-GTE-P00005,07/06/26 11:44 AM EDT,$0.56,43
20260706,MLB-WIN-IT5-01OB4CDPVS3O90O-TBYS000,07/06/26 12:00 PM EDT,$0.50,48
20260706,MLB-MOVY-IT5-01OB4CFNVS3O938-PHES000-GTE-P00005,07/06/26 12:09 PM EDT,$0.56,34
20260706,MLB-MOVY-IT5-01OB4CFNVS3O938-PHES000-GTE-P00005,07/06/26 12:10 PM EDT,$0.56,344
20260706,MLB-MOVY-IT5-01OB4CFNVS3O938-PHES000-GTE-P00005,07/06/26 12:21 PM EDT,$0.56,3448
20260706,MLB-TRUNS-IT5-01OB4CFNVS3O938-GTE-P00045,07/06/26 12:23 PM EDT,$0.46,36
20260706,MLB-TRUNS-IT5-01OB4DH0VS3R89O-GTE-P00045,07/06/26 12:24 PM EDT,$0.48,92
20260706,MLB-TRUNS-IT5-01OB4DMRVS3R92G-GTE-P00045,07/06/26 12:28 PM EDT,$0.53,27
20260706,MLB-TRUNS-IT5-01OB4CFNVS3O938-GTE-P00045,07/06/26 12:33 PM EDT,$0.46,116
20260706,MLB-MOVY-IT5-01OB4DLNVS3R8QG-LARS000-GTE-P00005,07/06/26 12:35 PM EDT,$0.58,25
20260706,MLB-MOVY-IT5-01OB4CFNVS3O938-PHES000-GTE-P00005,07/06/26 12:37 PM EDT,$0.57,8
20260706,MLB-TRUNS-IT5-01OB4CFNVS3O938-GTE-P00045,07/06/26 12:38 PM EDT,$0.48,80
20260706,MLB-TRUNS-IT5-01OB4CFNVS3O938-GTE-P00045,07/06/26 12:47 PM EDT,$0.49,19
20260706,MLB-MOVY-IT5-01OB4CFNVS3O938-PHES000-GTE-P00005,07/06/26 12:50 PM EDT,$0.57,2542
20260706,MLB-MOVY-IT5-01OB4CFNVS3O938-PHES000-GTE-P00005,07/06/26 12:50 PM EDT,$0.57,170
20260706,MLB-WIN-IT5-01OB4CFNVS3O938-PHES000,07/06/26 12:55 PM EDT,$0.66,17
20260706,MLB-MOVY-IT5-01OB4CFNVS3O938-PHES000-GTE-P00005,07/06/26 12:58 PM EDT,$0.57,55
20260706,MLB-MOVY-IT5-01OB4CFNVS3O938-PHES000-GTE-P00005,07/06/26 12:58 PM EDT,$0.57,67
20260706,KBO-WIN-FG-00N8UBT6PIT76MO-HAES000,07/06/26 12:59 PM EDT,$0.38,33
20260706,MLB-MOVY-IT5-01OB4CFNVS3O938-PHES000-GTE-P00005,07/06/26 01:01 PM EDT,$0.57,1
20260706,MLB-WIN-IT5-01OB4CFNVS3O938-PHES000,07/06/26 01:02 PM EDT,$0.66,294
20260706,MLB-MOVY-IT5-01OB4CFNVS3O938-PHES000-GTE-P00005,07/06/26 01:04 PM EDT,$0.57,76
20260706,MLB-TRUNS-IT5-01OB4CFNVS3O938-GTE-P00045,07/06/26 01:05 PM EDT,$0.48,116
20260706,MLB-WIN-IT5-01OB4CCDVS3O8TG-ATES000,07/06/26 01:06 PM EDT,$0.53,18
20260706,MLB-WIN-IT5-01OB4DH0VS3R89O-MIRS000,07/06/26 01:06 PM EDT,$0.50,19
20260706,MLB-WIN-IT5-01OB4DMRVS3R92G-SDES000,07/06/26 01:06 PM EDT,$0.53,18
20260706,MLB-WIN-IT5-01OB4CFNVS3O938-PHES000,07/06/26 01:06 PM EDT,$0.66,73
20260706,MLB-TRUNS-IT5-01OB4CFNVS3O938-GTE-P00045,07/06/26 01:06 PM EDT,$0.46,7
20260706,MLB-TRUNS-IT5-01OB4CFNVS3O938-GTE-P00045,07/06/26 01:06 PM EDT,$0.46,100
20260706,MLB-MOVY-IT5-01OB4CFNVS3O938-PHES000-GTE-P00005,07/06/26 01:10 PM EDT,$0.57,9
20260706,MLB-MOVY-IT5-01OB4CFNVS3O938-PHES000-GTE-P00005,07/06/26 01:13 PM EDT,$0.57,43
20260706,MLB-MOVY-IT5-01OB4CFNVS3O938-PHES000-GTE-P00005,07/06/26 01:14 PM EDT,$0.57,59
20260706,MLB-MOVY-IT5-01OB4CFNVS3O938-PHES000-GTE-P00005,07/06/26 01:15 PM EDT,$0.57,11
20260706,MLB-TRUNS-IT5-01OB4CFNVS3O938-GTE-P00045,07/06/26 01:17 PM EDT,$0.46,17
20260706,MLB-MOVY-IT5-01OB4CFNVS3O938-PHES000-GTE-P00005,07/06/26 01:19 PM EDT,$0.57,423
20260706,MLB-MOVY-IT5-01OB4CFNVS3O938-PHES000-GTE-P00005,07/06/26 01:19 PM EDT,$0.57,25
20260706,MLB-WIN-IT5-01OB4CFNVS3O938-PHES000,07/06/26 01:20 PM EDT,$0.66,14
20260706,MLB-WIN-IT5-01OB4CFNVS3O938-PHES000,07/06/26 01:21 PM EDT,$0.66,142
20260706,MLB-TRUNS-IT5-01OB4DLMVS3R8H8-GTE-P00045,07/06/26 01:23 PM EDT,$0.44,17
20260706,MLB-TRUNS-IT5-01OB4CFNVS3O938-GTE-P00045,07/06/26 01:25 PM EDT,$0.48,40
20260706,MLB-MOVY-IT5-01OB4CFNVS3O938-PHES000-GTE-P00005,07/06/26 01:29 PM EDT,$0.57,42
20260706,MLB-MOVY-IT5-01OB4CFNVS3O938-PHES000-GTE-P00005,07/06/26 01:30 PM EDT,$0.57,17
20260706,MLB-TRUNS-IT5-01OB4CFNVS3O938-GTE-P00045,07/06/26 01:31 PM EDT,$0.47,54
20260706,MLB-MOVY-IT5-01OB4CFNVS3O938-PHES000-GTE-P00005,07/06/26 01:32 PM EDT,$0.57,203
20260706,MLB-MOVY-IT5-01OB4CFNVS3O938-PHES000-GTE-P00005,07/06/26 01:33 PM EDT,$0.57,16
20260706,MLB-MOVY-IT5-01OB4CFNVS3O938-PHES000-GTE-P00005,07/06/26 01:34 PM EDT,$0.57,42
20260706,MLB-WIN-IT5-01OB4CFNVS3O938-PHES000,07/06/26 01:34 PM EDT,$0.66,720
20260706,MLB-MOVY-IT5-01OB4CFNVS3O938-PHES000-GTE-P00005,07/06/26 01:35 PM EDT,$0.57,67
20260706,MLB-MOVY-IT5-01OB4CFNVS3O938-PHES000-GTE-P00005,07/06/26 01:36 PM EDT,$0.57,43
20260706,MLB-MOVY-IT5-01OB4CFNVS3O938-PHES000-GTE-P00005,07/06/26 01:37 PM EDT,$0.57,16
20260706,MLB-MOVY-IT5-01OB4CFNVS3O938-PHES000-GTE-P00005,07/06/26 01:41 PM EDT,$0.57,207
20260706,MLB-MOVY-IT5-01OB4CFNVS3O938-PHES000-GTE-P00005,07/06/26 01:42 PM EDT,$0.57,169
20260706,MLB-TRUNS-IT5-01OB4CFNVS3O938-GTE-P00045,07/06/26 01:42 PM EDT,$0.47,9
20260706,MLB-WIN-IT5-01OB4DMRVS3R92G-SDES000,07/06/26 01:43 PM EDT,$0.53,45
20260706,MLB-MOVY-IT5-01OB4CFNVS3O938-PHES000-GTE-P00005,07/06/26 01:43 PM EDT,$0.57,87
20260706,MLB-MOVY-IT5-01OB4CFNVS3O938-PHES000-GTE-P00005,07/06/26 01:45 PM EDT,$0.57,84
20260706,MLB-TRUNS-IT5-01OB4CFNVS3O938-GTE-P00045,07/06/26 01:45 PM EDT,$0.46,757
20260706,MLB-TRUNS-IT5-01OB4CFNVS3O938-GTE-P00045,07/06/26 01:45 PM EDT,$0.46,135
20260706,MLB-TRUNS-IT5-01OB4CFNVS3O938-GTE-P00045,07/06/26 01:46 PM EDT,$0.48,60
20260706,MLB-MOVY-IT5-01OB4CFNVS3O938-PHES000-GTE-P00005,07/06/26 01:46 PM EDT,$0.57,17
20260706,MLB-TRUNS-IT5-01OB4CFNVS3O938-GTE-P00045,07/06/26 01:46 PM EDT,$0.46,100
20260706,MLB-TRUNS-IT5-01OB4CFNVS3O938-GTE-P00045,07/06/26 01:46 PM EDT,$0.45,17
20260706,MLB-TRUNS-IT5-01OB4CFNVS3O938-GTE-P00045,07/06/26 01:48 PM EDT,$0.46,87
20260706,MLB-MOVY-IT5-01OB4CFNVS3O938-PHES000-GTE-P00005,07/06/26 01:49 PM EDT,$0.57,25
20260706,MLB-MOVY-IT5-01OB4CFNVS3O938-PHES000-GTE-P00005,07/06/26 01:53 PM EDT,$0.57,423
20260706,MLB-MOVY-IT5-01OB4CFNVS3O938-PHES000-GTE-P00005,07/06/26 01:55 PM EDT,$0.57,22
20260706,MLB-MOVY-IT5-01OB4CFNVS3O938-PHES000-GTE-P00005,07/06/26 01:56 PM EDT,$0.57,637
20260706,MLB-MOVY-IT5-01OB4CFNVS3O938-PHES000-GTE-P00005,07/06/26 01:57 PM EDT,$0.57,42
20260706,MLB-WIN-IT5-01OB4CFNVS3O938-PHES000,07/06/26 01:57 PM EDT,$0.66,37
20260706,MLB-TRUNS-IT5-01OB4CFNVS3O938-GTE-P00045,07/06/26 01:57 PM EDT,$0.45,87
20260706,MLB-TRUNS-IT5-01OB4CFNVS3O938-GTE-P00045,07/06/26 01:57 PM EDT,$0.45,175
20260706,MLB-MOVY-IT5-01OB4CFNVS3O938-PHES000-GTE-P00005,07/06/26 01:58 PM EDT,$0.57,296
20260706,MLB-WIN-IT5-01OB4CFNVS3O938-PHES000,07/06/26 02:00 PM EDT,$0.66,147
20260706,MLB-MOVY-IT5-01OB4DLNVS3R8QG-LARS000-GTE-P00005,07/06/26 02:00 PM EDT,$0.59,16
20260706,MLB-WIN-IT5-01OB4CFNVS3O938-PHES000,07/06/26 02:01 PM EDT,$0.66,14
20260706,MLB-TRUNS-IT5-01OB4CFNVS3O938-GTE-P00045,07/06/26 02:01 PM EDT,$0.47,20
20260706,MLB-MOVY-IT5-01OB4CFNVS3O938-PHES000-GTE-P00005,07/06/26 02:02 PM EDT,$0.57,11
20260706,MLB-WIN-IT5-01OB4CFNVS3O938-PHES000,07/06/26 02:03 PM EDT,$0.66,73
20260706,MLB-TRUNS-IT5-01OB4CFNVS3O938-GTE-P00045,07/06/26 02:03 PM EDT,$0.45,61
20260706,MLB-MOVY-IT5-01OB4CFNVS3O938-PHES000-GTE-P00005,07/06/26 02:03 PM EDT,$0.57,135
20260706,MLB-MOVY-IT5-01OB4CFNVS3O938-PHES000-GTE-P00005,07/06/26 02:05 PM EDT,$0.55,48
20260706,MLB-WIN-IT5-01OB4CCDVS3O8TG-ATES000,07/06/26 02:06 PM EDT,$0.53,100
20260706,MLB-WIN-IT5-01OB4DH0VS3R89O-MIRS000,07/06/26 02:06 PM EDT,$0.50,192
20260706,MLB-WIN-IT5-01OB4DMRVS3R92G-SDES000,07/06/26 02:06 PM EDT,$0.53,83
20260706,MLB-TRUNS-IT5-01OB4CFNVS3O938-GTE-P00045,07/06/26 02:06 PM EDT,$0.45,35
20260706,MLB-MOVY-IT5-01OB4CFNVS3O938-PHES000-GTE-P00005,07/06/26 02:07 PM EDT,$0.57,16
20260706,MLB-MOVY-IT5-01OB4CFNVS3O938-PHES000-GTE-P00005,07/06/26 02:07 PM EDT,$0.57,42
20260706,MLB-TRUNS-IT5-01OB4CFNVS3O938-GTE-P00045,07/06/26 02:07 PM EDT,$0.45,175
20260706,MLB-MOVY-IT5-01OB4CFNVS3O938-PHES000-GTE-P00005,07/06/26 02:07 PM EDT,$0.57,11
20260706,MLB-MOVY-IT5-01OB4CFNVS3O938-PHES000-GTE-P00005,07/06/26 02:07 PM EDT,$0.55,114
20260706,KBO-WIN-FG-00N8UBT6PIT76MO-LGNS000,07/06/26 02:08 PM EDT,$0.49,20
20260706,MLB-WIN-IT5-01OB4CFNVS3O938-PHES000,07/06/26 02:08 PM EDT,$0.66,19
20260706,MLB-MOVY-IT5-01OB4CFNVS3O938-PHES000-GTE-P00005,07/06/26 02:08 PM EDT,$0.57,59
20260706,MLB-TRUNS-IT5-01OB4CFNVS3O938-GTE-P00045,07/06/26 02:09 PM EDT,$0.47,32
20260706,MLB-WIN-IT5-01OB4CFNVS3O938-KCLS000,07/06/26 02:10 PM EDT,$0.36,94
20260706,MLB-MOVY-IT5-01OB4CFNVS3O938-PHES000-GTE-P00015,07/06/26 02:11 PM EDT,$0.51,37
20260706,MLB-MOVY-IT5-01OB4CFNVS3O938-PHES000-GTE-P00015,07/06/26 02:11 PM EDT,$0.51,30
20260706,MLB-MOVY-IT5-01OB4CFNVS3O938-PHES000-GTE-P00015,07/06/26 02:11 PM EDT,$0.51,347
20260706,MLB-MOVY-IT5-01OB4CFNVS3O938-PHES000-GTE-P00015,07/06/26 02:12 PM EDT,$0.51,586
20260706,MLB-MOVY-IT5-01OB4CFNVS3O938-PHES000-GTE-P00015,07/06/26 02:12 PM EDT,$0.55,142
20260706,MLB-MOVY-IT5-01OB4CFNVS3O938-PHES000-GTE-P00015,07/06/26 02:12 PM EDT,$0.55,47
20260706,MLB-TRUNS-IT5-01OB4CFNVS3O938-GTE-P00045,07/06/26 02:14 PM EDT,$0.50,57
20260706,MLB-MOVY-IT5-01OB4CFNVS3O938-PHES000-GTE-P00015,07/06/26 02:15 PM EDT,$0.43,277
20260706,MLB-TRUNS-IT5-01OB4CFNVS3O938-GTE-P00045,07/06/26 02:15 PM EDT,$0.49,57
20260706,MLB-TRUNS-IT5-01OB4CFNVS3O938-GTE-P00045,07/06/26 02:15 PM EDT,$0.49,51
20260706,MLB-MOVY-IT5-01OB4CFNVS3O938-PHES000-GTE-P00015,07/06/26 02:15 PM EDT,$0.49,223
20260706,MLB-MOVY-IT5-01OB4CFNVS3O938-PHES000-GTE-P00015,07/06/26 02:16 PM EDT,$0.48,185
20260706,MLB-MOVY-IT5-01OB4CFNVS3O938-PHES000-GTE-P00015,07/06/26 02:16 PM EDT,$0.51,25
20260706,MLB-TRUNS-IT5-01OB4CFNVS3O938-GTE-P00065,07/06/26 02:17 PM EDT,$0.43,16
20260706,MLB-MOVY-IT5-01OB4CFNVS3O938-PHES000-GTE-P00025,07/06/26 02:17 PM EDT,$0.55,70
20260706,MLB-TRUNS-IT5-01OB4CFNVS3O938-GTE-P00055,07/06/26 02:19 PM EDT,$0.57,50
20260706,MLB-MOVY-IT5-01OB4CFNVS3O938-PHES000-GTE-P00025,07/06/26 02:20 PM EDT,$0.48,28
20260706,MLB-MOVY-IT5-01OB4CFNVS3O938-PHES000-GTE-P00025,07/06/26 02:20 PM EDT,$0.42,101
20260706,MLB-TRUNS-IT5-01OB4CFNVS3O938-GTE-P00055,07/06/26 02:21 PM EDT,$0.50,19
20260706,MLB-TRUNS-IT5-01OB4CFNVS3O938-GTE-P00055,07/06/26 02:21 PM EDT,$0.46,100
20260706,MLB-TRUNS-IT5-01OB4CFNVS3O938-GTE-P00055,07/06/26 02:21 PM EDT,$0.45,237
20260706,MLB-TRUNS-IT5-01OB4CFNVS3O938-GTE-P00045,07/06/26 02:21 PM EDT,$0.61,175
20260706,MLB-TRUNS-IT5-01OB4CFNVS3O938-GTE-P00055,07/06/26 02:21 PM EDT,$0.51,132
20260706,MLB-TRUNS-IT5-01OB4CFNVS3O938-GTE-P00055,07/06/26 02:22 PM EDT,$0.42,100
20260706,MLB-WIN-IT5-01OB4CFNVS3O938-KCLS000,07/06/26 02:22 PM EDT,$0.22,83
20260706,MLB-MOVY-IT5-01OB4CFNVS3O938-PHES000-GTE-P00015,07/06/26 02:23 PM EDT,$0.59,327
20260706,MLB-TRUNS-IT5-01OB4CFNVS3O938-GTE-P00055,07/06/26 02:23 PM EDT,$0.51,28
20260706,MLB-MOVY-IT5-01OB4CFNVS3O938-PHES000-GTE-P00025,07/06/26 02:24 PM EDT,$0.43,22
20260706,MLB-TRUNS-IT5-01OB4CFNVS3O938-GTE-P00055,07/06/26 02:24 PM EDT,$0.52,185
20260706,MLB-TRUNS-IT5-01OB4CFNVS3O938-GTE-P00045,07/06/26 02:24 PM EDT,$0.50,100
20260706,MLB-MOVY-IT5-01OB4CFNVS3O938-PHES000-GTE-P00015,07/06/26 02:25 PM EDT,$0.50,150
20260706,MLB-TRUNS-IT5-01OB4CFNVS3O938-GTE-P00045,07/06/26 02:25 PM EDT,$0.53,18
20260706,MLB-MOVY-IT5-01OB4CFNVS3O938-PHES000-GTE-P00015,07/06/26 02:26 PM EDT,$0.50,125
20260706,MLB-TRUNS-IT5-01OB4CFNVS3O938-GTE-P00045,07/06/26 02:28 PM EDT,$0.54,20
20260706,MLB-TRUNS-IT5-01OB4CFNVS3O938-GTE-P00045,07/06/26 02:28 PM EDT,$0.57,220
20260706,MLB-MOVY-IT5-01OB4CFNVS3O938-PHES000-GTE-P00015,07/06/26 02:32 PM EDT,$0.43,11
20260706,MLB-TRUNS-IT5-01OB4CFNVS3O938-GTE-P00045,07/06/26 02:32 PM EDT,$0.55,53
20260706,MLB-MOVY-IT5-01OB4CFNVS3O938-PHES000-GTE-P00015,07/06/26 02:32 PM EDT,$0.42,239
20260706,MLB-MOVY-IT5-01OB4CFNVS3O938-PHES000-GTE-P00015,07/06/26 02:33 PM EDT,$0.31,100
20260706,MLB-MOVY-IT5-01OB4CFNVS3O938-PHES000-GTE-P00015,07/06/26 02:33 PM EDT,$0.28,240
20260706,MLB-TRUNS-IT5-01OB4CFNVS3O938-GTE-P00055,07/06/26 02:34 PM EDT,$0.50,100
20260706,MLB-WIN-IT5-01OB4CFNVS3O938-KCLS000,07/06/26 02:34 PM EDT,$0.41,116
20260706,MLB-MOVY-IT5-01OB4CFNVS3O938-PHES000-GTE-P00005,07/06/26 02:34 PM EDT,$0.46,446
20260706,MLB-WIN-IT5-01OB4CFNVS3O938-KCLS000,07/06/26 02:36 PM EDT,$0.62,109
20260706,MLB-TRUNS-IT5-01OB4CFNVS3O938-GTE-P00065,07/06/26 02:36 PM EDT,$0.49,66
20260706,MLB-TRUNS-IT5-01OB4CFNVS3O938-GTE-P00065,07/06/26 02:36 PM EDT,$0.49,18
20260706,MLB-MOVY-IT5-01OB4CFNVS3O938-PHES000-GTE-P00015,07/06/26 02:37 PM EDT,$0.15,185
20260706,MLB-TRUNS-IT5-01OB4CFNVS3O938-GTE-P00045,07/06/26 02:37 PM EDT,$0.93,20
20260706,MLB-WIN-IT5-01OB4CFNVS3O938-KCLS000,07/06/26 02:37 PM EDT,$0.76,128
20260706,MLB-TRUNS-IT5-01OB4CFNVS3O938-GTE-P00075,07/06/26 02:37 PM EDT,$0.54,17
20260706,MLB-TRUNS-IT5-01OB4CFNVS3O938-GTE-P00075,07/06/26 02:38 PM EDT,$0.57,508
20260706,MLB-TRUNS-IT5-01OB4CFNVS3O938-GTE-P00075,07/06/26 02:39 PM EDT,$0.51,19
20260706,MLB-WIN-IT5-01OB4CFNVS3O938-PHES000,07/06/26 02:40 PM EDT,$0.07,50
20260706,MLB-TRUNS-IT5-01OB4CFNVS3O938-GTE-P00105,07/06/26 02:41 PM EDT,$0.53,71
20260706,MLB-MOVY-IT5-01OB4DLNVS3R8QG-LARS000-GTE-P00005,07/06/26 02:42 PM EDT,$0.59,1
20260706,MLB-WIN-IT5-01OB4CFNVS3O938-PHES000,07/06/26 02:42 PM EDT,$0.04,19
20260706,MLB-TRUNS-IT5-01OB4CFNVS3O938-GTE-P00105,07/06/26 02:42 PM EDT,$0.48,93
20260706,MLB-WIN-IT5-01OB4CFNVS3O938-PHES000,07/06/26 02:43 PM EDT,$0.07,500
20260706,MLB-TRUNS-IT5-01OB4CFNVS3O938-GTE-P00105,07/06/26 02:44 PM EDT,$0.49,100
20260706,MLB-MOVY-IT5-01OB4CFNVS3O938-KCLS000-GTE-P00045,07/06/26 02:44 PM EDT,$0.49,100
20260706,MLB-TRUNS-IT5-01OB4CFNVS3O938-GTE-P00105,07/06/26 02:44 PM EDT,$0.52,100
20260706,MLB-WIN-IT5-01OB4CFNVS3O938-KCLS000,07/06/26 02:45 PM EDT,$0.93,33
20260706,MLB-WIN-IT5-01OB4CFNVS3O938-KCLS000,07/06/26 02:45 PM EDT,$0.93,83
20260706,MLB-TRUNS-IT5-01OB4CFNVS3O938-GTE-P00105,07/06/26 02:45 PM EDT,$0.49,94
20260706,MLB-MOVY-IT5-01OB4CFNVS3O938-PHES000-GTE-P00025,07/06/26 02:45 PM EDT,$0.04,101
20260706,MLB-TRUNS-IT5-01OB4CFNVS3O938-GTE-P00105,07/06/26 02:46 PM EDT,$0.49,196
20260706,MLB-TRUNS-IT5-01OB4CFNVS3O938-GTE-P00055,07/06/26 02:47 PM EDT,$0.90,185
20260706,MLB-WIN-IT5-01OB4CFNVS3O938-KCLS000,07/06/26 02:47 PM EDT,$0.93,94
20260706,MLB-TRUNS-IT5-01OB4CFNVS3O938-GTE-P00105,07/06/26 02:47 PM EDT,$0.48,74
20260706,MLB-TRUNS-IT5-01OB4CFNVS3O938-GTE-P00105,07/06/26 02:48 PM EDT,$0.53,72
20260706,MLB-TRUNS-IT5-01OB4CFNVS3O938-GTE-P00105,07/06/26 02:50 PM EDT,$0.59,22
20260706,MLB-TRUNS-IT5-01OB4CFNVS3O938-GTE-P00105,07/06/26 02:50 PM EDT,$0.59,16
20260706,MLB-MOVY-IT5-01OB4CFNVS3O938-KCLS000-GTE-P00045,07/06/26 02:52 PM EDT,$0.50,100
20260706,MLB-MOVY-IT5-01OB4CFNVS3O938-KCLS000-GTE-P00045,07/06/26 02:52 PM EDT,$0.54,35
20260706,MLB-TRUNS-IT5-01OB4CFNVS3O938-GTE-P00105,07/06/26 02:52 PM EDT,$0.48,46
20260706,MLB-TRUNS-IT5-01OB4CFNVS3O938-GTE-P00105,07/06/26 02:54 PM EDT,$0.52,46
20260706,MLB-MOVY-IT5-01OB4CFNVS3O938-PHES000-GTE-P00005,07/06/26 02:56 PM EDT,$0.05,22
20260706,MLB-TRUNS-IT5-01OB4CFNVS3O938-GTE-P00095,07/06/26 02:56 PM EDT,$0.59,54
20260706,MLB-MOVY-IT5-01OB4CFNVS3O938-KCLS000-GTE-P00045,07/06/26 02:57 PM EDT,$0.66,147
20260706,MLB-MOVY-IT5-01OB4CFNVS3O938-KCLS000-GTE-P00045,07/06/26 03:01 PM EDT,$0.56,100
20260706,MLB-TRUNS-IT5-01OB4CFNVS3O938-GTE-P00105,07/06/26 03:03 PM EDT,$0.48,20
20260706,MLB-TRUNS-IT5-01OB4CFNVS3O938-GTE-P00105,07/06/26 03:04 PM EDT,$0.52,20
20260706,MLB-MOVY-IT5-01OB4CFNVS3O938-PHES000-GTE-P00005,07/06/26 03:04 PM EDT,$0.04,114
20260706,MLB-MOVY-IT5-01OB4CFNVS3O938-PHES000-GTE-P00025,07/06/26 03:04 PM EDT,$0.03,22
20260706,MLB-TRUNS-IT5-01OB4CFNVS3O938-GTE-P00105,07/06/26 03:05 PM EDT,$0.52,16
20260706,MLB-TRUNS-IT5-01OB4CDPVS3O90O-GTE-P00035,07/06/26 03:06 PM EDT,$0.53,27
20260706,MLB-TRUNS-IT5-01OB4CFNVS3O938-GTE-P00105,07/06/26 03:07 PM EDT,$0.41,80
20260706,MLB-TRUNS-IT5-01OB4CFNVS3O938-GTE-P00105,07/06/26 03:10 PM EDT,$0.47,238
20260706,MLB-TRUNS-IT5-01OB4CFNVS3O938-GTE-P00105,07/06/26 03:13 PM EDT,$0.53,9
20260706,MLB-TRUNS-IT5-01OB4CFNVS3O938-GTE-P00095,07/06/26 03:14 PM EDT,$0.55,100
20260706,MLB-TRUNS-IT5-01OB4CFNVS3O938-GTE-P00095,07/06/26 03:16 PM EDT,$0.54,100
20260706,MLB-TRUNS-IT5-01OB4CFNVS3O938-GTE-P00105,07/06/26 03:17 PM EDT,$0.48,50
20260706,MLB-TRUNS-IT5-01OB4CFNVS3O938-GTE-P00105,07/06/26 03:17 PM EDT,$0.48,104
20260706,MLB-TRUNS-IT5-01OB4CFNVS3O938-GTE-P00105,07/06/26 03:20 PM EDT,$0.45,21
20260706,MLB-TRUNS-IT5-01OB4CFNVS3O938-GTE-P00105,07/06/26 03:20 PM EDT,$0.45,42
20260706,MLB-TRUNS-IT5-01OB4CFNVS3O938-GTE-P00105,07/06/26 03:20 PM EDT,$0.40,43
20260706,MLB-TRUNS-IT5-01OB4CFNVS3O938-GTE-P00105,07/06/26 03:20 PM EDT,$0.58,4
20260706,MLB-TRUNS-IT5-01OB4CFNVS3O938-GTE-P00105,07/06/26 03:21 PM EDT,$0.63,23
20260706,MLB-MOVY-IT5-01OB4CFNVS3O938-KCLS000-GTE-P00045,07/06/26 03:24 PM EDT,$0.90,100
20260706,MLB-MOVY-IT5-01OB4CDPVS3O90O-NYES000-GTE-P00005,07/06/26 03:24 PM EDT,$0.43,55
20260706,MLB-TRUNS-IT5-01OB4CFNVS3O938-GTE-P00105,07/06/26 03:24 PM EDT,$0.47,27
20260706,MLB-MOVY-IT5-01OB4CFNVS3O938-KCLS000-GTE-P00045,07/06/26 03:25 PM EDT,$0.85,100
20260706,MLB-TRUNS-IT5-01OB4CFNVS3O938-GTE-P00105,07/06/26 03:25 PM EDT,$0.47,100
20260706,MLB-WIN-IT5-01OB4CDPVS3O90O-NYES000,07/06/26 03:25 PM EDT,$0.51,47
20260706,MLB-WIN-IT5-01OB4CDPVS3O90O-NYES000,07/06/26 03:26 PM EDT,$0.51,4
20260706,MLB-TRUNS-IT5-01OB4CFNVS3O938-GTE-P00105,07/06/26 03:26 PM EDT,$0.47,71
20260706,MLB-TRUNS-IT5-01OB4CFNVS3O938-GTE-P00105,07/06/26 03:26 PM EDT,$0.52,38
20260706,MLB-WIN-IT5-01OB4CCRVS3O918-HOOS000,07/06/26 03:28 PM EDT,$0.48,4
20260706,MLB-TRUNS-IT5-01OB4CFNVS3O938-GTE-P00105,07/06/26 03:29 PM EDT,$0.42,50
20260706,MLB-TRUNS-IT5-01OB4CFNVS3O938-GTE-P00105,07/06/26 03:30 PM EDT,$0.44,50
20260706,MLB-TRUNS-IT5-01OB4CFNVS3O938-GTE-P00105,07/06/26 03:30 PM EDT,$0.44,36
20260706,MLB-TRUNS-IT5-01OB4CFNVS3O938-GTE-P00105,07/06/26 03:31 PM EDT,$0.45,52
20260706,MLB-TRUNS-IT5-01OB4CFNVS3O938-GTE-P00105,07/06/26 03:32 PM EDT,$0.40,100
20260706,MLB-TRUNS-IT5-01OB4CFNVS3O938-GTE-P00095,07/06/26 03:32 PM EDT,$0.54,100
20260706,MLB-MOVY-IT5-01OB4DLNVS3R8QG-LARS000-GTE-P00005,07/06/26 03:33 PM EDT,$0.59,81
20260706,MLB-TRUNS-IT5-01OB4CFNVS3O938-GTE-P00095,07/06/26 03:33 PM EDT,$0.59,165
20260706,MLB-TRUNS-IT5-01OB4CFNVS3O938-GTE-P00095,07/06/26 03:33 PM EDT,$0.59,347
20260706,MLB-TRUNS-IT5-01OB4CFNVS3O938-GTE-P00105,07/06/26 03:34 PM EDT,$0.32,23
20260706,MLB-TRUNS-IT5-01OB4CFNVS3O938-GTE-P00105,07/06/26 03:34 PM EDT,$0.37,100
20260706,MLB-TRUNS-IT5-01OB4CFNVS3O938-GTE-P00095,07/06/26 03:34 PM EDT,$0.55,83
20260706,MLB-TRUNS-IT5-01OB4CFNVS3O938-GTE-P00105,07/06/26 03:34 PM EDT,$0.33,9
20260706,MLB-TRUNS-IT5-01OB4CFNVS3O938-GTE-P00095,07/06/26 03:34 PM EDT,$0.60,100
20260706,MLB-TRUNS-IT5-01OB4CFNVS3O938-GTE-P00095,07/06/26 03:35 PM EDT,$0.60,3
20260706,MLB-TRUNS-IT5-01OB4CFNVS3O938-GTE-P00095,07/06/26 03:36 PM EDT,$0.54,97
20260706,MLB-TRUNS-IT5-01OB4CFNVS3O938-GTE-P00095,07/06/26 03:37 PM EDT,$0.50,100
20260706,MLB-TRUNS-IT5-01OB4CFNVS3O938-GTE-P00105,07/06/26 03:38 PM EDT,$0.48,100
20260706,MLB-TRUNS-IT5-01OB4CFNVS3O938-GTE-P00105,07/06/26 03:39 PM EDT,$0.49,100
20260706,MLB-TRUNS-IT5-01OB4CFNVS3O938-GTE-P00105,07/06/26 03:41 PM EDT,$0.56,30
20260706,MLB-MOVY-IT5-01OB4DLNVS3R8QG-LARS000-GTE-P00005,07/06/26 03:41 PM EDT,$0.59,24
20260706,MLB-TRUNS-IT5-01OB4CFNVS3O938-GTE-P00105,07/06/26 03:42 PM EDT,$0.77,11
20260706,MLB-TRUNS-IT5-01OB4CFNVS3O938-GTE-P00105,07/06/26 03:42 PM EDT,$0.86,86
20260706,MLB-TRUNS-IT5-01OB4CFNVS3O938-GTE-P00105,07/06/26 03:43 PM EDT,$0.86,171
20260706,MLB-TRUNS-IT5-01OB4CFNVS3O938-GTE-P00105,07/06/26 03:44 PM EDT,$0.86,7
20260706,MLB-TRUNS-IT5-01OB4CFNVS3O938-GTE-P00105,07/06/26 03:44 PM EDT,$0.86,5
20260706,MLB-TRUNS-IT5-01OB4CFNVS3O938-GTE-P00105,07/06/26 03:47 PM EDT,$0.81,89
20260706,MLB-TRUNS-IT5-01OB4CFNVS3O938-GTE-P00105,07/06/26 03:48 PM EDT,$0.78,83
20260706,MLB-TRUNS-IT5-01OB4CFNVS3O938-GTE-P00105,07/06/26 03:48 PM EDT,$0.68,34
20260706,MLB-TRUNS-IT5-01OB4CFNVS3O938-GTE-P00105,07/06/26 03:49 PM EDT,$0.73,13
20260706,MLB-TRUNS-IT5-01OB4CFNVS3O938-GTE-P00105,07/06/26 03:49 PM EDT,$0.68,66
20260706,MLB-TRUNS-IT5-01OB4CFNVS3O938-GTE-P00105,07/06/26 03:49 PM EDT,$0.73,4
20260706,MLB-WIN-IT5-01OB4CFNVS3O938-PHES000,07/06/26 03:49 PM EDT,$0.03,25
20260706,MLB-TRUNS-IT5-01OB4CFNVS3O938-GTE-P00105,07/06/26 03:50 PM EDT,$0.65,100
20260706,MLB-TRUNS-IT5-01OB4CFNVS3O938-GTE-P00105,07/06/26 03:51 PM EDT,$0.69,3
20260706,MLB-TRUNS-IT5-01OB4CFNVS3O938-GTE-P00105,07/06/26 03:51 PM EDT,$0.69,16
20260706,MLB-TRUNS-IT5-01OB4CFNVS3O938-GTE-P00105,07/06/26 03:51 PM EDT,$0.69,69
20260706,MLB-TRUNS-IT5-01OB4CFNVS3O938-GTE-P00105,07/06/26 03:51 PM EDT,$0.69,8
20260706,MLB-TRUNS-IT5-01OB4CFNVS3O938-GTE-P00105,07/06/26 03:52 PM EDT,$0.62,12
20260706,MLB-TRUNS-IT5-01OB4CFNVS3O938-GTE-P00105,07/06/26 03:54 PM EDT,$0.56,218
20260706,MLB-TRUNS-IT5-01OB4CFNVS3O938-GTE-P00105,07/06/26 03:54 PM EDT,$0.51,61
20260706,MLB-TRUNS-IT5-01OB4CFNVS3O938-GTE-P00105,07/06/26 03:54 PM EDT,$0.51,19
20260706,MLB-TRUNS-IT5-01OB4CFNVS3O938-GTE-P00105,07/06/26 03:55 PM EDT,$0.49,26
20260706,MLB-TRUNS-IT5-01OB4CFNVS3O938-GTE-P00105,07/06/26 03:56 PM EDT,$0.44,17
20260706,MLB-WIN-IT5-01OB4CCDVS3O8TG-ATES000,07/06/26 03:57 PM EDT,$0.53,49
20260706,MLB-TRUNS-IT5-01OB4CFNVS3O938-GTE-P00105,07/06/26 03:58 PM EDT,$0.43,23
20260706,MLB-TRUNS-IT5-01OB4CFNVS3O938-GTE-P00105,07/06/26 04:00 PM EDT,$0.35,83
20260706,MLB-TRUNS-IT5-01OB4CFNVS3O938-GTE-P00105,07/06/26 04:01 PM EDT,$0.32,100
20260706,MLB-TRUNS-IT5-01OB4CFNVS3O938-GTE-P00105,07/06/26 04:01 PM EDT,$0.37,200
20260706,MLB-TRUNS-IT5-01OB4CFNVS3O938-GTE-P00105,07/06/26 04:04 PM EDT,$0.36,61
20260706,MLB-WIN-IT5-01OB4DMRVS3R92G-SDES000,07/06/26 04:06 PM EDT,$0.53,5
20260706,MLB-WIN-IT5-01OB4CCDVS3O8TG-NYTS000,07/06/26 04:10 PM EDT,$0.47,204
20260706,MLB-WIN-IT5-01OB4CCDVS3O8TG-ATES000,07/06/26 04:12 PM EDT,$0.51,49
20260706,MLB-TRUNS-IT5-01OB4CDPVS3O90O-GTE-P00035,07/06/26 04:15 PM EDT,$0.53,18
20260706,MLB-TRUNS-IT5-01OB4CDPVS3O90O-GTE-P00035,07/06/26 04:15 PM EDT,$0.53,109
20260707,MLB-TRUNS-IT5-01OB4CDPVS3O90O-GTE-P00035,07/06/26 05:11 PM EDT,$0.51,10
20260707,MLB-TRUNS-IT5-01OB4CDPVS3O90O-GTE-P00035,07/06/26 05:12 PM EDT,$0.53,72
20260707,MLB-MOVY-IT5-01OB4CDPVS3O90O-NYES000-GTE-P00005,07/06/26 05:12 PM EDT,$0.44,43
20260707,MLB-TRUNS-IT5-01OB4CDPVS3O90O-GTE-P00035,07/06/26 05:12 PM EDT,$0.53,36
20260707,MLB-TRUNS-IT5-01OB4CCRVS3O918-GTE-P00055,07/06/26 05:14 PM EDT,$0.47,20
20260707,MLB-WIN-IT5-01OB4CDPVS3O90O-NYES000,07/06/26 05:17 PM EDT,$0.52,370
20260707,MLB-MOVY-IT5-01OB4CCRVS3O918-WALS000-GTE-P00005,07/06/26 05:18 PM EDT,$0.44,344
20260707,MLB-WIN-IT5-01OB4CDPVS3O90O-TBYS000,07/06/26 05:22 PM EDT,$0.50,11
20260707,MLB-TRUNS-IT5-01OB4CDPVS3O90O-GTE-P00035,07/06/26 05:23 PM EDT,$0.52,80
20260707,MLB-MOVY-IT5-01OB4CDPVS3O90O-NYES000-GTE-P00005,07/06/26 05:23 PM EDT,$0.42,55
20260707,MLB-TRUNS-IT5-01OB4DLNVS3R8QG-GTE-P00055,07/06/26 05:25 PM EDT,$0.48,74
20260707,MLB-MOVY-IT5-01OB4CDPVS3O90O-NYES000-GTE-P00005,07/06/26 05:26 PM EDT,$0.41,196
20260707,MLB-WIN-IT5-01OB4CCDVS3O8TG-ATES000,07/06/26 05:26 PM EDT,$0.54,121
20260707,MLB-WIN-IT5-01OB4CCRVS3O918-HOOS000,07/06/26 05:31 PM EDT,$0.48,5
20260707,MLB-WIN-IT5-01OB4CDPVS3O90O-NYES000,07/06/26 05:32 PM EDT,$0.52,5
20260707,MLB-MOVY-IT5-01OB4CDPVS3O90O-NYES000-GTE-P00005,07/06/26 05:37 PM EDT,$0.41,49
20260707,MLB-MOVY-IT5-01OB4DH0VS3R89O-STLS000-GTE-P00005,07/06/26 05:37 PM EDT,$0.40,40
20260707,MLB-TRUNS-IT5-01OB4CDPVS3O90O-GTE-P00035,07/06/26 05:39 PM EDT,$0.51,40
20260707,MLB-MOVY-IT5-01OB4DMRVS3R92G-SDES000-GTE-P00005,07/06/26 05:40 PM EDT,$0.40,41
20260707,MLB-MOVY-IT5-01OB4CCRVS3O918-WALS000-GTE-P00005,07/06/26 05:40 PM EDT,$0.45,438
20260707,MLB-MOVY-IT5-01OB4CCRVS3O918-WALS000-GTE-P00005,07/06/26 05:44 PM EDT,$0.48,50
20260707,MLB-WIN-IT5-01OB4DMRVS3R92G-ARKS000,07/06/26 05:45 PM EDT,$0.47,204
20260707,MLB-TRUNS-IT5-01OB4CDPVS3O90O-GTE-P00035,07/06/26 05:48 PM EDT,$0.52,120
20260707,MLB-WIN-IT5-01OB4CDPVS3O90O-TBYS000,07/06/26 05:49 PM EDT,$0.50,19
20260707,MLB-WIN-IT5-01OB4DMRVS3R92G-SDES000,07/06/26 05:50 PM EDT,$0.53,20
20260707,MLB-WIN-IT5-01OB4DMRVS3R92G-ARKS000,07/06/26 05:52 PM EDT,$0.49,9
20260707,MLB-TRUNS-IT5-01OB4CDPVS3O90O-GTE-P00035,07/06/26 05:53 PM EDT,$0.51,196
20260707,MLB-TRUNS-IT5-01OB4CDPVS3O90O-GTE-P00035,07/06/26 05:55 PM EDT,$0.52,55
20260707,MLB-MOVY-IT5-01OB4CDPVS3O90O-NYES000-GTE-P00005,07/06/26 05:56 PM EDT,$0.44,152
20260707,MLB-TRUNS-IT5-01OB4DH0VS3R89O-GTE-P00045,07/06/26 05:59 PM EDT,$0.48,92
20260707,MLB-TRUNS-IT5-01OB4CDPVS3O90O-GTE-P00035,07/06/26 06:02 PM EDT,$0.52,18
20260707,MLB-MOVY-IT5-01OB4CCRVS3O918-WALS000-GTE-P00005,07/06/26 06:05 PM EDT,$0.48,80
20260707,MLB-MOVY-IT5-01OB4CCDVS3O8TG-ATES000-GTE-P00005,07/06/26 06:05 PM EDT,$0.45,10
20260707,MLB-TRUNS-IT5-01OB4CDPVS3O90O-GTE-P00035,07/06/26 06:06 PM EDT,$0.52,13
20260707,MLB-TRUNS-IT5-01OB4CDPVS3O90O-GTE-P00035,07/06/26 06:10 PM EDT,$0.52,27
20260707,MLB-TRUNS-IT5-01OB4CCRVS3O918-GTE-P00055,07/06/26 06:10 PM EDT,$0.48,100
20260707,MLB-TRUNS-IT5-01OB4DLNVS3R8QG-GTE-P00055,07/06/26 06:11 PM EDT,$0.51,3
20260707,MLB-MOVY-IT5-01OB4DLNVS3R8QG-LARS000-GTE-P00015,07/06/26 06:11 PM EDT,$0.44,3
20260707,MLB-TRUNS-IT5-01OB4CDPVS3O90O-GTE-P00035,07/06/26 06:12 PM EDT,$0.52,24
20260707,MLB-TRUNS-IT5-01OB4CDPVS3O90O-GTE-P00035,07/06/26 06:12 PM EDT,$0.52,34
20260707,MLB-WIN-IT5-01OB4CDPVS3O90O-TBYS000,07/06/26 06:12 PM EDT,$0.50,48
20260707,MLB-WIN-IT5-01OB4CCRVS3O918-WALS000,07/06/26 06:14 PM EDT,$0.53,26
20260707,MLB-WIN-IT5-01OB4CDPVS3O90O-TBYS000,07/06/26 06:16 PM EDT,$0.50,19
20260707,MLB-MOVY-IT5-01OB4CDPVS3O90O-NYES000-GTE-P00005,07/06/26 06:18 PM EDT,$0.44,10
20260707,MLB-TRUNS-IT5-01OB4CDPVS3O90O-GTE-P00035,07/06/26 06:23 PM EDT,$0.47,54
20260707,MLB-WIN-IT5-01OB4DMRVS3R92G-SDES000,07/06/26 06:24 PM EDT,$0.53,3
20260707,MLB-WIN-IT5-01OB4CCRVS3O918-HOOS000,07/06/26 06:26 PM EDT,$0.48,21
20260707,MLB-WIN-IT5-01OB4CCDVS3O8TG-ATES000,07/06/26 06:26 PM EDT,$0.54,1785
20260707,MLB-WIN-IT5-01OB4CDPVS3O90O-NYES000,07/06/26 06:26 PM EDT,$0.51,5
20260707,MLB-MOVY-IT5-01OB4CCRVS3O918-WALS000-GTE-P00005,07/06/26 06:26 PM EDT,$0.48,4
20260707,MLB-WIN-IT5-01OB4CCDVS3O8TG-ATES000,07/06/26 06:27 PM EDT,$0.54,930
20260707,MLB-WIN-IT5-01OB4CDPVS3O90O-NYES000,07/06/26 06:29 PM EDT,$0.51,700
20260707,MLB-MOVY-IT5-01OB4CDPVS3O90O-NYES000-GTE-P00005,07/06/26 06:30 PM EDT,$0.44,869
20260707,MLB-WIN-IT5-01OB4CCRVS3O918-HOOS000,07/06/26 06:30 PM EDT,$0.48,110
20260707,MLB-TRUNS-IT5-01OB4CDPVS3O90O-GTE-P00035,07/06/26 06:31 PM EDT,$0.51,130
20260707,MLB-WIN-IT5-01OB4CDPVS3O90O-TBYS000,07/06/26 06:32 PM EDT,$0.51,9
20260707,MLB-TRUNS-IT5-01OB4CDPVS3O90O-GTE-P00035,07/06/26 06:32 PM EDT,$0.51,158
20260707,MLB-MOVY-IT5-01OB4CDPVS3O90O-NYES000-GTE-P00005,07/06/26 06:36 PM EDT,$0.41,13
20260707,MLB-WIN-IT5-01OB4CCRVS3O918-WALS000,07/06/26 06:36 PM EDT,$0.54,508
20260707,MLB-WIN-IT5-01OB4DH0VS3R89O-MIRS000,07/06/26 06:36 PM EDT,$0.51,250
20260707,MLB-MOVY-IT5-01OB4CCRVS3O918-WALS000-GTE-P00005,07/06/26 06:36 PM EDT,$0.46,62
20260707,MLB-TRUNS-IT5-01OB4CDPVS3O90O-GTE-P00035,07/06/26 06:36 PM EDT,$0.51,250
20260707,MLB-TRUNS-IT5-01OB4CDPVS3O90O-GTE-P00035,07/06/26 06:37 PM EDT,$0.50,169
20260707,MLB-WIN-IT5-01OB4DH0VS3R89O-MIRS000,07/06/26 06:37 PM EDT,$0.53,250
20260707,MLB-MOVY-IT5-01OB4CDPVS3O90O-NYES000-GTE-P00005,07/06/26 06:39 PM EDT,$0.41,16
20260707,MLB-WIN-IT5-01OB4CDPVS3O90O-NYES000,07/06/26 06:39 PM EDT,$0.51,283
20260707,MLB-TRUNS-IT5-01OB4CDPVS3O90O-GTE-P00035,07/06/26 06:39 PM EDT,$0.49,47
20260707,MLB-TRUNS-IT5-01OB4DMRVS3R92G-GTE-P00045,07/06/26 06:40 PM EDT,$0.53,1
20260707,MLB-TRUNS-IT5-01OB4CDPVS3O90O-GTE-P00035,07/06/26 06:40 PM EDT,$0.46,714
20260707,MLB-WIN-IT5-01OB4DMRVS3R92G-ARKS000,07/06/26 06:40 PM EDT,$0.49,21
20260707,MLB-MOVY-IT5-01OB4CDPVS3O90O-NYES000-GTE-P00005,07/06/26 06:41 PM EDT,$0.42,227
20260707,MLB-WIN-IT5-01OB4CDPVS3O90O-NYES000,07/06/26 06:42 PM EDT,$0.50,175
20260707,MLB-WIN-IT5-01OB4CDPVS3O90O-NYES000,07/06/26 06:42 PM EDT,$0.50,109
20260707,MLB-MOVY-IT5-01OB4CCRVS3O918-WALS000-GTE-P00005,07/06/26 06:43 PM EDT,$0.46,39
20260707,MLB-WIN-IT5-01OB4CDPVS3O90O-NYES000,07/06/26 06:43 PM EDT,$0.50,19
20260707,MLB-MOVY-IT5-01OB4CDPVS3O90O-TBYS000-GTE-P00005,07/06/26 06:45 PM EDT,$0.39,40
20260707,MLB-TRUNS-IT5-01OB4CDPVS3O90O-GTE-P00035,07/06/26 06:45 PM EDT,$0.45,42
20260707,MLB-MOVY-IT5-01OB4CDPVS3O90O-TBYS000-GTE-P00005,07/06/26 06:47 PM EDT,$0.41,21
20260707,MLB-MOVY-IT5-01OB4CDPVS3O90O-NYES000-GTE-P00005,07/06/26 06:47 PM EDT,$0.38,32
20260707,MLB-MOVY-IT5-01OB4CDPVS3O90O-NYES000-GTE-P00005,07/06/26 06:47 PM EDT,$0.39,156
20260707,MLB-TRUNS-IT5-01OB4DLNVS3R8QG-GTE-P00055,07/06/26 06:48 PM EDT,$0.52,20
20260707,MLB-MOVY-IT5-01OB4DLNVS3R8QG-LARS000-GTE-P00005,07/06/26 06:49 PM EDT,$0.60,251
20260707,MLB-MOVY-IT5-01OB4CDPVS3O90O-NYES000-GTE-P00005,07/06/26 06:50 PM EDT,$0.42,100
20260707,MLB-WIN-IT5-01OB4CDPVS3O90O-NYES000,07/06/26 06:51 PM EDT,$0.53,181
20260707,MLB-MOVY-IT5-01OB4CDPVS3O90O-NYES000-GTE-P00005,07/06/26 06:51 PM EDT,$0.41,100
20260707,MLB-MOVY-IT5-01OB4CDPVS3O90O-NYES000-GTE-P00005,07/06/26 06:51 PM EDT,$0.46,156
20260707,MLB-WIN-IT5-01OB4CDPVS3O90O-NYES000,07/06/26 06:51 PM EDT,$0.53,110
20260707,MLB-WIN-IT5-01OB4CDPVS3O90O-TBYS000,07/06/26 06:52 PM EDT,$0.47,71
20260707,MLB-TRUNS-IT5-01OB4CDPVS3O90O-GTE-P00025,07/06/26 06:52 PM EDT,$0.49,87
20260707,MLB-TRUNS-IT5-01OB4CDPVS3O90O-GTE-P00025,07/06/26 06:53 PM EDT,$0.50,38
20260707,MLB-TRUNS-IT5-01OB4CCRVS3O918-GTE-P00055,07/06/26 06:53 PM EDT,$0.44,100
20260707,MLB-TRUNS-IT5-01OB4CDPVS3O90O-GTE-P00025,07/06/26 06:53 PM EDT,$0.49,25
20260707,MLB-TRUNS-IT5-01OB4CCRVS3O918-GTE-P00055,07/06/26 06:53 PM EDT,$0.42,70
20260707,MLB-MOVY-IT5-01OB4CCRVS3O918-WALS000-GTE-P00005,07/06/26 06:53 PM EDT,$0.54,39
20260707,MLB-MOVY-IT5-01OB4CCRVS3O918-WALS000-GTE-P00005,07/06/26 06:53 PM EDT,$0.50,100
20260707,MLB-MOVY-IT5-01OB4CDPVS3O90O-TBYS000-GTE-P00005,07/06/26 06:53 PM EDT,$0.38,205
20260707,MLB-TRUNS-IT5-01OB4CCRVS3O918-GTE-P00055,07/06/26 06:54 PM EDT,$0.44,10
20260707,MLB-MOVY-IT5-01OB4CCRVS3O918-WALS000-GTE-P00005,07/06/26 06:54 PM EDT,$0.50,100
20260707,MLB-TRUNS-IT5-01OB4CDPVS3O90O-GTE-P00025,07/06/26 06:55 PM EDT,$0.44,16
20260707,MLB-MOVY-IT5-01OB4CDPVS3O90O-TBYS000-GTE-P00005,07/06/26 06:55 PM EDT,$0.38,205
20260707,MLB-MOVY-IT5-01OB4CCRVS3O918-WALS000-GTE-P00005,07/06/26 06:55 PM EDT,$0.50,100
20260707,MLB-MOVY-IT5-01OB4CDPVS3O90O-TBYS000-GTE-P00005,07/06/26 06:55 PM EDT,$0.40,74
20260707,MLB-TRUNS-IT5-01OB4CDPVS3O90O-GTE-P00025,07/06/26 06:55 PM EDT,$0.46,40
20260707,MLB-MOVY-IT5-01OB4CDPVS3O90O-TBYS000-GTE-P00005,07/06/26 06:56 PM EDT,$0.41,102
20260707,MLB-MOVY-IT5-01OB4CCDVS3O8TG-ATES000-GTE-P00005,07/06/26 06:56 PM EDT,$0.43,10
20260707,MLB-MOVY-IT5-01OB4CCDVS3O8TG-ATES000-GTE-P00005,07/06/26 06:56 PM EDT,$0.43,10
20260707,MLB-WIN-IT5-01OB4CCRVS3O918-HOOS000,07/06/26 06:57 PM EDT,$0.53,63
20260707,MLB-MOVY-IT5-01OB4CCRVS3O918-HOOS000-GTE-P00005,07/06/26 06:57 PM EDT,$0.51,1
20260707,MLB-WIN-IT5-01OB4CCRVS3O918-HOOS000,07/06/26 06:58 PM EDT,$0.56,3
20260707,MLB-TRUNS-IT5-01OB4CDPVS3O90O-GTE-P00025,07/06/26 06:59 PM EDT,$0.40,100
20260707,MLB-WIN-IT5-01OB4CDPVS3O90O-NYES000,07/06/26 07:00 PM EDT,$0.49,392
20260707,MLB-WIN-IT5-01OB4CDPVS3O90O-NYES000,07/06/26 07:00 PM EDT,$0.49,50
20260707,MLB-WIN-IT5-01OB4CCRVS3O918-HOOS000,07/06/26 07:00 PM EDT,$0.51,18
20260707,MLB-WIN-IT5-01OB4CDPVS3O90O-NYES000,07/06/26 07:01 PM EDT,$0.45,85
20260707,MLB-TRUNS-IT5-01OB4CDPVS3O90O-GTE-P00025,07/06/26 07:01 PM EDT,$0.44,5
20260707,MLB-WIN-IT5-01OB4CCRVS3O918-HOOS000,07/06/26 07:02 PM EDT,$0.37,3
20260707,MLB-MOVY-IT5-01OB4CCRVS3O918-WALS000-GTE-P00005,07/06/26 07:03 PM EDT,$0.49,58
20260707,MLB-MOVY-IT5-01OB4CCRVS3O918-HOOS000-GTE-P00005,07/06/26 07:04 PM EDT,$0.39,1
20260707,MLB-TRUNS-IT5-01OB4CDPVS3O90O-GTE-P00015,07/06/26 07:04 PM EDT,$0.57,23
20260707,MLB-TRUNS-IT5-01OB4CCRVS3O918-GTE-P00065,07/06/26 07:04 PM EDT,$0.47,4
20260707,MLB-WIN-IT5-01OB4DH0VS3R89O-STLS000,07/06/26 07:05 PM EDT,$0.50,15
20260707,MLB-MOVY-IT5-01OB4CDPVS3O90O-NYES000-GTE-P00005,07/06/26 07:05 PM EDT,$0.36,100
20260707,MLB-TRUNS-IT5-01OB4CDPVS3O90O-GTE-P00015,07/06/26 07:06 PM EDT,$0.53,40
20260707,MLB-WIN-IT5-01OB4CDPVS3O90O-TBYS000,07/06/26 07:06 PM EDT,$0.49,9
20260707,MLB-MOVY-IT5-01OB4CDPVS3O90O-NYES000-GTE-P00005,07/06/26 07:06 PM EDT,$0.36,100
20260707,MLB-WIN-IT5-01OB4CDPVS3O90O-NYES000,07/06/26 07:07 PM EDT,$0.52,10
20260707,MLB-TRUNS-IT5-01OB4CCRVS3O918-GTE-P00065,07/06/26 07:07 PM EDT,$0.45,5
20260707,MLB-TRUNS-IT5-01OB4CDPVS3O90O-GTE-P00015,07/06/26 07:07 PM EDT,$0.50,97
20260707,MLB-WIN-IT5-01OB4DH0VS3R89O-STLS000,07/06/26 07:08 PM EDT,$0.50,105
20260707,MLB-MOVY-IT5-01OB4CCRVS3O918-WALS000-GTE-P00005,07/06/26 07:08 PM EDT,$0.44,17
20260707,MLB-TRUNS-IT5-01OB4CDPVS3O90O-GTE-P00015,07/06/26 07:09 PM EDT,$0.49,100
20260707,MLB-TRUNS-IT5-01OB4CDPVS3O90O-GTE-P00015,07/06/26 07:09 PM EDT,$0.47,90
20260707,MLB-TRUNS-IT5-01OB4CCRVS3O918-GTE-P00055,07/06/26 07:09 PM EDT,$0.52,90
20260707,MLB-TRUNS-IT5-01OB4CDPVS3O90O-GTE-P00015,07/06/26 07:09 PM EDT,$0.49,86
20260707,MLB-TRUNS-IT5-01OB4CDPVS3O90O-GTE-P00015,07/06/26 07:10 PM EDT,$0.46,14
20260707,MLB-TRUNS-IT5-01OB4CDPVS3O90O-GTE-P00015,07/06/26 07:10 PM EDT,$0.43,160
20260707,MLB-TRUNS-IT5-01OB4CDPVS3O90O-GTE-P00015,07/06/26 07:10 PM EDT,$0.43,5
20260707,MLB-MOVY-IT5-01OB4CCRVS3O918-WALS000-GTE-P00005,07/06/26 07:11 PM EDT,$0.49,27
20260707,MLB-MOVY-IT5-01OB4CDPVS3O90O-TBYS000-GTE-P00005,07/06/26 07:11 PM EDT,$0.39,62
20260707,MLB-TRUNS-IT5-01OB4CDPVS3O90O-GTE-P00015,07/06/26 07:12 PM EDT,$0.45,52
20260707,MLB-MOVY-IT5-01OB4CCDVS3O8TG-ATES000-GTE-P00005,07/06/26 07:13 PM EDT,$0.43,847
20260707,MLB-WIN-IT5-01OB4CCDVS3O8TG-ATES000,07/06/26 07:13 PM EDT,$0.53,36
20260707,MLB-MOVY-IT5-01OB4CCRVS3O918-WALS000-GTE-P00005,07/06/26 07:13 PM EDT,$0.16,300
20260707,MLB-MOVY-IT5-01OB4CCDVS3O8TG-ATES000-GTE-P00005,07/06/26 07:14 PM EDT,$0.46,41
20260707,MLB-MOVY-IT5-01OB4CCRVS3O918-HOOS000-GTE-P00025,07/06/26 07:14 PM EDT,$0.54,439
20260707,MLB-WIN-IT5-01OB4CCRVS3O918-WALS000,07/06/26 07:14 PM EDT,$0.16,117
20260707,MLB-WIN-IT5-01OB4CDPVS3O90O-NYES000,07/06/26 07:16 PM EDT,$0.49,18
20260707,MLB-TRUNS-IT5-01OB4CCDVS3O8TG-GTE-P00045,07/06/26 07:16 PM EDT,$0.52,17
20260707,MLB-MOVY-IT5-01OB4CDPVS3O90O-NYES000-GTE-P00005,07/06/26 07:16 PM EDT,$0.34,2
20260707,MLB-TRUNS-IT5-01OB4CDPVS3O90O-GTE-P00015,07/06/26 07:17 PM EDT,$0.36,22
20260707,MLB-TRUNS-IT5-01OB4CDPVS3O90O-GTE-P00015,07/06/26 07:17 PM EDT,$0.36,19
20260707,MLB-TRUNS-IT5-01OB4CCDVS3O8TG-GTE-P00045,07/06/26 07:18 PM EDT,$0.52,83
20260707,MLB-WIN-IT5-01OB4CCRVS3O918-WALS000,07/06/26 07:18 PM EDT,$0.17,26
20260707,MLB-WIN-IT5-01OB4CCDVS3O8TG-NYTS000,07/06/26 07:18 PM EDT,$0.48,60
20260707,MLB-WIN-IT5-01OB4CCDVS3O8TG-ATES000,07/06/26 07:18 PM EDT,$0.54,8
20260707,MLB-TRUNS-IT5-01OB4CCDVS3O8TG-GTE-P00045,07/06/26 07:18 PM EDT,$0.52,117
20260707,MLB-TRUNS-IT5-01OB4CDPVS3O90O-GTE-P00015,07/06/26 07:18 PM EDT,$0.36,7
20260707,MLB-TRUNS-IT5-01OB4CDPVS3O90O-GTE-P00035,07/06/26 07:18 PM EDT,$0.14,196
20260707,MLB-TRUNS-IT5-01OB4CCDVS3O8TG-GTE-P00045,07/06/26 07:19 PM EDT,$0.53,10
20260707,MLB-MOVY-IT5-01OB4CCRVS3O918-HOOS000-GTE-P00025,07/06/26 07:19 PM EDT,$0.53,9
20260707,MLB-MOVY-IT5-01OB4CDPVS3O90O-NYES000-GTE-P00005,07/06/26 07:19 PM EDT,$0.38,11
20260707,MLB-WIN-IT5-01OB4CCDVS3O8TG-ATES000,07/06/26 07:20 PM EDT,$0.54,96
20260707,MLB-MOVY-IT5-01OB4CCDVS3O8TG-ATES000-GTE-P00005,07/06/26 07:20 PM EDT,$0.48,959
20260707,MLB-MOVY-IT5-01OB4CCRVS3O918-WALS000-GTE-P00005,07/06/26 07:21 PM EDT,$0.08,4
20260707,MLB-MOVY-IT5-01OB4CCDVS3O8TG-ATES000-GTE-P00005,07/06/26 07:21 PM EDT,$0.51,266
20260707,MLB-TRUNS-IT5-01OB4CDPVS3O90O-GTE-P00005,07/06/26 07:21 PM EDT,$0.54,52
20260707,MLB-WIN-IT5-01OB4CDPVS3O90O-TBYS000,07/06/26 07:22 PM EDT,$0.58,17
20260707,MLB-TRUNS-IT5-01OB4CCRVS3O918-GTE-P00075,07/06/26 07:22 PM EDT,$0.55,100
20260707,MLB-WIN-IT5-01OB4CDPVS3O90O-NYES000,07/06/26 07:22 PM EDT,$0.41,50
20260707,MLB-TRUNS-IT5-01OB4CDPVS3O90O-GTE-P00005,07/06/26 07:22 PM EDT,$0.51,58
20260707,MLB-MOVY-IT5-01OB4CCRVS3O918-WALS000-GTE-P00005,07/06/26 07:24 PM EDT,$0.07,58
20260707,MLB-WIN-IT5-01OB4CDPVS3O90O-NYES000,07/06/26 07:25 PM EDT,$0.39,85
20260707,MLB-TRUNS-IT5-01OB4CDPVS3O90O-GTE-P00005,07/06/26 07:25 PM EDT,$0.50,100
20260707,MLB-MOVY-IT5-01OB4CDPVS3O90O-TBYS000-GTE-P00005,07/06/26 07:26 PM EDT,$0.30,65
20260707,MLB-TRUNS-IT5-01OB4CCDVS3O8TG-GTE-P00045,07/06/26 07:26 PM EDT,$0.57,166
20260707,MLB-MOVY-IT5-01OB4DLNVS3R8QG-LARS000-GTE-P00005,07/06/26 07:27 PM EDT,$0.60,166
20260707,MLB-MOVY-IT5-01OB4DLNVS3R8QG-LARS000-GTE-P00005,07/06/26 07:27 PM EDT,$0.60,8
20260707,MLB-TRUNS-IT5-01OB4CDPVS3O90O-GTE-P00005,07/06/26 07:28 PM EDT,$0.51,36
20260707,MLB-WIN-IT5-01OB4CDPVS3O90O-NYES000,07/06/26 07:28 PM EDT,$0.40,11
20260707,MLB-MOVY-IT5-01OB4CCDVS3O8TG-ATES000-GTE-P00005,07/06/26 07:28 PM EDT,$0.55,47
20260707,MLB-TRUNS-IT5-01OB4CCRVS3O918-GTE-P00065,07/06/26 07:30 PM EDT,$0.97,4
20260707,MLB-TRUNS-IT5-01OB4CDPVS3O90O-GTE-P00015,07/06/26 07:31 PM EDT,$0.20,19
20260707,MLB-TRUNS-IT5-01OB4CCRVS3O918-GTE-P00095,07/06/26 07:31 PM EDT,$0.48,40
20260707,MLB-TRUNS-IT5-01OB4CDPVS3O90O-GTE-P00005,07/06/26 07:31 PM EDT,$0.44,21
20260707,MLB-WIN-IT5-01OB4CDPVS3O90O-NYES000,07/06/26 07:33 PM EDT,$0.46,18
20260707,MLB-MOVY-IT5-01OB4CCRVS3O918-HOOS000-GTE-P00045,07/06/26 07:33 PM EDT,$0.51,10
20260707,MLB-TRUNS-IT5-01OB4CDPVS3O90O-GTE-P00005,07/06/26 07:33 PM EDT,$0.35,11
20260707,MLB-TRUNS-IT5-01OB4CCDVS3O8TG-GTE-P00035,07/06/26 07:33 PM EDT,$0.53,100
20260707,MLB-MOVY-IT5-01OB4CDPVS3O90O-NYES000-GTE-P00005,07/06/26 07:34 PM EDT,$0.20,45
20260707,MLB-MOVY-IT5-01OB4CDPVS3O90O-NYES000-GTE-P00005,07/06/26 07:35 PM EDT,$0.15,45
20260707,MLB-TRUNS-IT5-01OB4CCDVS3O8TG-GTE-P00035,07/06/26 07:35 PM EDT,$0.52,10
20260707,MLB-TRUNS-IT5-01OB4CCDVS3O8TG-GTE-P00035,07/06/26 07:35 PM EDT,$0.52,90
20260707,MLB-TRUNS-IT5-01OB4CCDVS3O8TG-GTE-P00035,07/06/26 07:35 PM EDT,$0.49,250
20260707,MLB-WIN-IT5-01OB4CDPVS3O90O-TBYS000,07/06/26 07:36 PM EDT,$0.48,48
20260707,MLB-TRUNS-IT5-01OB4CCDVS3O8TG-GTE-P00035,07/06/26 07:37 PM EDT,$0.48,81
20260707,MLB-TRUNS-IT5-01OB4CDPVS3O90O-GTE-P00005,07/06/26 07:37 PM EDT,$0.33,125
20260707,MLB-TRUNS-IT5-01OB4CDPVS3O90O-GTE-P00005,07/06/26 07:37 PM EDT,$0.34,13
20260707,MLB-MOVY-IT5-01OB4CCDVS3O8TG-NYTS000-GTE-P00005,07/06/26 07:38 PM EDT,$0.60,10
20260707,MLB-MOVY-IT5-01OB4CCRVS3O918-HOOS000-GTE-P00025,07/06/26 07:38 PM EDT,$0.41,250
20260707,MLB-MOVY-IT5-01OB4CCRVS3O918-HOOS000-GTE-P00025,07/06/26 07:38 PM EDT,$0.39,9
20260707,MLB-MOVY-IT5-01OB4CCRVS3O918-HOOS000-GTE-P00025,07/06/26 07:38 PM EDT,$0.39,91
20260707,MLB-MOVY-IT5-01OB4CCRVS3O918-WALS000-GTE-P00005,07/06/26 07:38 PM EDT,$0.19,344
20260707,MLB-TRUNS-IT5-01OB4CDPVS3O90O-GTE-P00005,07/06/26 07:38 PM EDT,$0.40,23
20260707,MLB-MOVY-IT5-01OB4CCRVS3O918-HOOS000-GTE-P00015,07/06/26 07:39 PM EDT,$0.55,100
20260707,MLB-MOVY-IT5-01OB4CCRVS3O918-HOOS000-GTE-P00015,07/06/26 07:39 PM EDT,$0.52,86
20260707,MLB-WIN-IT5-01OB4DMRVS3R92G-SDES000,07/06/26 07:39 PM EDT,$0.53,5
20260707,MLB-TRUNS-IT5-01OB4CDPVS3O90O-GTE-P00015,07/06/26 07:39 PM EDT,$0.25,52
20260707,MLB-MOVY-IT5-01OB4CDPVS3O90O-NYES000-GTE-P00005,07/06/26 07:39 PM EDT,$0.27,100
20260707,MLB-MOVY-IT5-01OB4CCDVS3O8TG-ATES000-GTE-P00005,07/06/26 07:39 PM EDT,$0.31,100
20260707,MLB-TRUNS-IT5-01OB4CCDVS3O8TG-GTE-P00045,07/06/26 07:39 PM EDT,$0.49,21
20260707,MLB-MOVY-IT5-01OB4CCDVS3O8TG-ATES000-GTE-P00005,07/06/26 07:40 PM EDT,$0.30,1125
20260707,MLB-WIN-IT5-01OB4CCRVS3O918-WALS000,07/06/26 07:40 PM EDT,$0.32,250
20260707,MLB-MOVY-IT5-01OB4DLNVS3R8QG-LARS000-GTE-P00005,07/06/26 07:40 PM EDT,$0.60,114
20260707,MLB-WIN-IT5-01OB4CCRVS3O918-WALS000,07/06/26 07:40 PM EDT,$0.34,42
20260707,MLB-MOVY-IT5-01OB4CDPVS3O90O-NYES000-GTE-P00005,07/06/26 07:40 PM EDT,$0.27,34
20260707,MLB-MOVY-IT5-01OB4DH0VS3R89O-MIRS000-GTE-P00005,07/06/26 07:41 PM EDT,$0.44,217
20260707,MLB-TRUNS-IT5-01OB4CDPVS3O90O-GTE-P00005,07/06/26 07:41 PM EDT,$0.50,97
20260707,MLB-MOVY-IT5-01OB4CDPVS3O90O-NYES000-GTE-P00005,07/06/26 07:41 PM EDT,$0.34,30
20260707,MLB-WIN-IT5-01OB4DLMVS3R8H8-SFTS000,07/06/26 07:43 PM EDT,$0.51,250
20260707,MLB-WIN-IT5-01OB4DH0VS3R89O-STLS000,07/06/26 07:43 PM EDT,$0.49,1960
20260707,MLB-WIN-IT5-01OB4DMRVS3R92G-ARKS000,07/06/26 07:43 PM EDT,$0.49,1960
20260707,MLB-MOVY-IT5-01OB4CCRVS3O918-WALS000-GTE-P00005,07/06/26 07:43 PM EDT,$0.40,27
20260707,MLB-TRUNS-IT5-01OB4CDPVS3O90O-GTE-P00005,07/06/26 07:44 PM EDT,$0.49,196
20260707,MLB-WIN-IT5-01OB4CCRVS3O918-WALS000,07/06/26 07:44 PM EDT,$0.53,100
20260707,MLB-WIN-IT5-01OB4CCRVS3O918-WALS000,07/06/26 07:44 PM EDT,$0.50,192
20260707,MLB-WIN-IT5-01OB4DLMVS3R8H8-SFTS000,07/06/26 07:45 PM EDT,$0.52,1606
20260707,MLB-WIN-IT5-01OB4DH0VS3R89O-STLS000,07/06/26 07:45 PM EDT,$0.49,29
20260707,MLB-WIN-IT5-01OB4CCRVS3O918-HOOS000,07/06/26 07:45 PM EDT,$0.47,163
20260707,MLB-TRUNS-IT5-01OB4CDPVS3O90O-GTE-P00035,07/06/26 07:45 PM EDT,$0.29,6
20260707,MLB-MOVY-IT5-01OB4CCRVS3O918-WALS000-GTE-P00005,07/06/26 07:46 PM EDT,$0.41,30
20260707,MLB-WIN-IT5-01OB4CCDVS3O8TG-ATES000,07/06/26 07:46 PM EDT,$0.43,31
20260707,MLB-TRUNS-IT5-01OB4DH0VS3R89O-GTE-P00045,07/06/26 07:47 PM EDT,$0.46,10
20260707,MLB-MOVY-IT5-01OB4CDPVS3O90O-NYES000-GTE-P00025,07/06/26 07:47 PM EDT,$0.76,6
20260707,MLB-MOVY-IT5-01OB4CCRVS3O918-WALS000-GTE-P00005,07/06/26 07:47 PM EDT,$0.38,25
20260707,MLB-TRUNS-IT5-01OB4CDPVS3O90O-GTE-P00005,07/06/26 07:47 PM EDT,$0.95,23
20260707,MLB-MOVY-IT5-01OB4CCRVS3O918-WALS000-GTE-P00005,07/06/26 07:48 PM EDT,$0.39,79
20260707,MLB-MOVY-IT5-01OB4CDPVS3O90O-NYES000-GTE-P00025,07/06/26 07:48 PM EDT,$0.79,48
20260707,MLB-TRUNS-IT5-01OB4CDPVS3O90O-GTE-P00035,07/06/26 07:48 PM EDT,$0.18,94
20260707,MLB-WIN-IT5-01OB4CCDVS3O8TG-ATES000,07/06/26 07:49 PM EDT,$0.40,223
20260707,MLB-TRUNS-IT5-01OB4CDPVS3O90O-GTE-P00035,07/06/26 07:50 PM EDT,$0.22,8
20260707,MLB-TRUNS-IT5-01OB4CCDVS3O8TG-GTE-P00045,07/06/26 07:50 PM EDT,$0.47,250
20260707,MLB-TRUNS-IT5-01OB4CCDVS3O8TG-GTE-P00045,07/06/26 07:50 PM EDT,$0.47,7
20260707,MLB-TRUNS-IT5-01OB4CDPVS3O90O-GTE-P00035,07/06/26 07:50 PM EDT,$0.22,40
20260707,MLB-TRUNS-IT5-01OB4CDPVS3O90O-GTE-P00035,07/06/26 07:50 PM EDT,$0.22,1
20260707,MLB-TRUNS-IT5-01OB4CCDVS3O8TG-GTE-P00045,07/06/26 07:51 PM EDT,$0.46,20
20260707,MLB-MOVY-IT5-01OB4CCRVS3O918-WALS000-GTE-P00005,07/06/26 07:51 PM EDT,$0.50,7
20260707,MLB-MOVY-IT5-01OB4CDPVS3O90O-NYES000-GTE-P00025,07/06/26 07:53 PM EDT,$0.74,17
20260707,MLB-WIN-IT5-01OB4DMRVS3R92G-SDES000,07/06/26 07:53 PM EDT,$0.53,909
20260707,MLB-TRUNS-IT5-01OB4CCDVS3O8TG-GTE-P00045,07/06/26 07:54 PM EDT,$0.77,100
20260707,MLB-TRUNS-IT5-01OB4CCDVS3O8TG-GTE-P00045,07/06/26 07:54 PM EDT,$0.77,117
20260707,MLB-WIN-IT5-01OB4CCDVS3O8TG-NYTS000,07/06/26 07:54 PM EDT,$0.25,74
20260707,MLB-TRUNS-IT5-01OB4CDPVS3O90O-GTE-P00035,07/06/26 07:56 PM EDT,$0.95,24
20260707,MLB-TRUNS-IT5-01OB4DMRVS3R92G-GTE-P00045,07/06/26 07:56 PM EDT,$0.53,18
20260707,MLB-MOVY-IT5-01OB4CDPVS3O90O-TBYS000-GTE-P00005,07/06/26 07:56 PM EDT,$0.04,65
20260707,MLB-TRUNS-IT5-01OB4CDPVS3O90O-GTE-P00035,07/06/26 07:57 PM EDT,$0.95,27
20260707,MLB-TRUNS-IT5-01OB4DH0VS3R89O-GTE-P00045,07/06/26 07:57 PM EDT,$0.38,184
20260707,MLB-MOVY-IT5-01OB4CCDVS3O8TG-ATES000-GTE-P00015,07/06/26 07:57 PM EDT,$0.42,90
20260707,MLB-WIN-IT5-01OB4CDPVS3O90O-NYES000,07/06/26 07:58 PM EDT,$0.96,82
20260707,MLB-TRUNS-IT5-01OB4DH0VS3R89O-GTE-P00035,07/06/26 07:58 PM EDT,$0.47,250
20260707,MLB-WIN-IT5-01OB4DH0VS3R89O-STLS000,07/06/26 07:58 PM EDT,$0.48,44
20260707,MLB-MOVY-IT5-01OB4CCRVS3O918-WALS000-GTE-P00005,07/06/26 07:59 PM EDT,$0.51,39
20260707,MLB-TRUNS-IT5-01OB4DH0VS3R89O-GTE-P00035,07/06/26 07:59 PM EDT,$0.44,100
20260707,MLB-TRUNS-IT5-01OB4CCDVS3O8TG-GTE-P00055,07/06/26 07:59 PM EDT,$0.52,100
20260707,MLB-TRUNS-IT5-01OB4DH0VS3R89O-GTE-P00035,07/06/26 07:59 PM EDT,$0.48,200
20260707,MLB-MOVY-IT5-01OB4CCRVS3O918-WALS000-GTE-P00005,07/06/26 08:00 PM EDT,$0.51,17
20260707,MLB-WIN-IT5-01OB4CCRVS3O918-WALS000,07/06/26 08:01 PM EDT,$0.53,100
20260707,MLB-WIN-IT5-01OB4DMRVS3R92G-ARKS000,07/06/26 08:01 PM EDT,$0.49,4
20260707,MLB-WIN-IT5-01OB4DLMVS3R8H8-TOYS000,07/06/26 08:03 PM EDT,$0.50,4
20260707,MLB-WIN-IT5-01OB4CCRVS3O918-HOOS000,07/06/26 08:03 PM EDT,$0.47,51
20260707,MLB-TRUNS-IT5-01OB4DH0VS3R89O-GTE-P00035,07/06/26 08:03 PM EDT,$0.47,22
20260707,MLB-TRUNS-IT5-01OB4DLNVS3R8QG-GTE-P00055,07/06/26 08:06 PM EDT,$0.52,3
20260707,MLB-TRUNS-IT5-01OB4CCDVS3O8TG-GTE-P00055,07/06/26 08:06 PM EDT,$0.54,71
20260707,MLB-TRUNS-IT5-01OB4DH0VS3R89O-GTE-P00035,07/06/26 08:07 PM EDT,$0.46,14
20260707,MLB-WIN-IT5-01OB4DLNVS3R8QG-LARS000,07/06/26 08:09 PM EDT,$0.63,15
20260707,MLB-TRUNS-IT5-01OB4DH0VS3R89O-GTE-P00025,07/06/26 08:09 PM EDT,$0.56,68
20260707,MLB-TRUNS-IT5-01OB4DH0VS3R89O-GTE-P00025,07/06/26 08:10 PM EDT,$0.53,102
20260707,MLB-TRUNS-IT5-01OB4DH0VS3R89O-GTE-P00025,07/06/26 08:11 PM EDT,$0.53,51
20260707,MLB-MOVY-IT5-01OB4DH0VS3R89O-STLS000-GTE-P00005,07/06/26 08:11 PM EDT,$0.58,58
20260707,MLB-MOVY-IT5-01OB4CCRVS3O918-WALS000-GTE-P00015,07/06/26 08:12 PM EDT,$0.44,8
20260707,MLB-TRUNS-IT5-01OB4DH0VS3R89O-GTE-P00035,07/06/26 08:13 PM EDT,$0.45,42
20260707,MLB-TRUNS-IT5-01OB4DH0VS3R89O-GTE-P00025,07/06/26 08:14 PM EDT,$0.53,100
20260707,MLB-MOVY-IT5-01OB4CCRVS3O918-WALS000-GTE-P00025,07/06/26 08:14 PM EDT,$0.44,54
20260707,MLB-TRUNS-IT5-01OB4DH0VS3R89O-GTE-P00025,07/06/26 08:14 PM EDT,$0.51,94
20260707,MLB-MOVY-IT5-01OB4CCDVS3O8TG-NYTS000-GTE-P00005,07/06/26 08:15 PM EDT,$0.05,10
20260707,MLB-MOVY-IT5-01OB4CCRVS3O918-WALS000-GTE-P00015,07/06/26 08:15 PM EDT,$0.38,81
20260707,MLB-MOVY-IT5-01OB4CCRVS3O918-WALS000-GTE-P00015,07/06/26 08:16 PM EDT,$0.35,7
20260707,MLB-MOVY-IT5-01OB4CCRVS3O918-WALS000-GTE-P00025,07/06/26 08:17 PM EDT,$0.44,86
20260707,MLB-TRUNS-IT5-01OB4DH0VS3R89O-GTE-P00025,07/06/26 08:17 PM EDT,$0.45,14
20260707,MLB-TRUNS-IT5-01OB4CCDVS3O8TG-GTE-P00055,07/06/26 08:17 PM EDT,$0.57,84
20260707,MLB-MOVY-IT5-01OB4CCRVS3O918-WALS000-GTE-P00015,07/06/26 08:17 PM EDT,$0.67,81
20260707,MLB-MOVY-IT5-01OB4CCRVS3O918-WALS000-GTE-P00025,07/06/26 08:17 PM EDT,$0.44,54
20260707,MLB-MOVY-IT5-01OB4CCRVS3O918-WALS000-GTE-P00025,07/06/26 08:18 PM EDT,$0.39,39
20260707,MLB-MOVY-IT5-01OB4DLNVS3R8QG-LARS000-GTE-P00005,07/06/26 08:18 PM EDT,$0.60,16
20260707,MLB-TRUNS-IT5-01OB4DH0VS3R89O-GTE-P00025,07/06/26 08:18 PM EDT,$0.51,18
20260707,MLB-MOVY-IT5-01OB4CCRVS3O918-WALS000-GTE-P00025,07/06/26 08:18 PM EDT,$0.44,21
20260707,MLB-MOVY-IT5-01OB4DH0VS3R89O-MIRS000-GTE-P00005,07/06/26 08:19 PM EDT,$0.41,47
20260707,MLB-MOVY-IT5-01OB4CCRVS3O918-WALS000-GTE-P00025,07/06/26 08:20 PM EDT,$0.28,133
20260707,MLB-TRUNS-IT5-01OB4CCDVS3O8TG-GTE-P00055,07/06/26 08:21 PM EDT,$0.40,8
20260707,MLB-TRUNS-IT5-01OB4CCDVS3O8TG-GTE-P00055,07/06/26 08:21 PM EDT,$0.45,42
20260707,MLB-MOVY-IT5-01OB4DH0VS3R89O-STLS000-GTE-P00005,07/06/26 08:22 PM EDT,$0.47,22
20260707,MLB-MOVY-IT5-01OB4DH0VS3R89O-STLS000-GTE-P00005,07/06/26 08:25 PM EDT,$0.49,94
20260707,MLB-WIN-IT5-01OB4DH0VS3R89O-MIRS000,07/06/26 08:26 PM EDT,$0.30,15
20260707,MLB-TRUNS-IT5-01OB4DLMVS3R8H8-GTE-P00035,07/06/26 08:26 PM EDT,$0.57,34
20260707,MLB-TRUNS-IT5-01OB4DH0VS3R89O-GTE-P00025,07/06/26 08:27 PM EDT,$0.48,8
20260707,MLB-TRUNS-IT5-01OB4DH0VS3R89O-GTE-P00025,07/06/26 08:27 PM EDT,$0.46,86
20260707,MLB-TRUNS-IT5-01OB4DH0VS3R89O-GTE-P00025,07/06/26 08:28 PM EDT,$0.46,100
20260707,MLB-TRUNS-IT5-01OB4DH0VS3R89O-GTE-P00025,07/06/26 08:28 PM EDT,$0.40,250
20260707,MLB-TRUNS-IT5-01OB4DH0VS3R89O-GTE-P00025,07/06/26 08:29 PM EDT,$0.40,161
20260707,MLB-TRUNS-IT5-01OB4DH0VS3R89O-GTE-P00025,07/06/26 08:29 PM EDT,$0.44,100
20260707,MLB-MOVY-IT5-01OB4DH0VS3R89O-STLS000-GTE-P00005,07/06/26 08:29 PM EDT,$0.51,113
20260707,MLB-TRUNS-IT5-01OB4DH0VS3R89O-GTE-P00025,07/06/26 08:29 PM EDT,$0.44,100
20260707,MLB-TRUNS-IT5-01OB4DH0VS3R89O-GTE-P00025,07/06/26 08:29 PM EDT,$0.39,1
20260707,MLB-MOVY-IT5-01OB4CCDVS3O8TG-ATES000-GTE-P00025,07/06/26 08:29 PM EDT,$0.36,12
20260707,MLB-WIN-IT5-01OB4DH0VS3R89O-MIRS000,07/06/26 08:30 PM EDT,$0.29,192
20260707,MLB-WIN-IT5-01OB4DH0VS3R89O-MIRS000,07/06/26 08:30 PM EDT,$0.30,62
20260707,KBO-WIN-FG-03VTIN6N4O0PJ4O-KIRS000,07/06/26 08:31 PM EDT,$0.48,10
20260707,MLB-TRUNS-IT5-01OB4DH0VS3R89O-GTE-P00025,07/06/26 08:31 PM EDT,$0.55,8
20260707,KBO-WIN-FG-03VT76N44OIJA4G-KTON000,07/06/26 08:32 PM EDT,$0.60,16
20260707,MLB-MOVY-IT5-01OB4DH0VS3R89O-STLS000-GTE-P00015,07/06/26 08:34 PM EDT,$0.43,11
20260707,MLB-TRUNS-IT5-01OB4DH0VS3R89O-GTE-P00025,07/06/26 08:34 PM EDT,$0.52,20
20260707,MLB-MOVY-IT5-01OB4DH0VS3R89O-STLS000-GTE-P00015,07/06/26 08:36 PM EDT,$0.43,11
20260707,KBO-WIN-FG-00N8UBUQPIT766O-KIRS000,07/06/26 08:38 PM EDT,$0.50,96
20260707,MLB-TRUNS-IT5-01OB4DH0VS3R89O-GTE-P00035,07/06/26 08:41 PM EDT,$0.52,37
20260707,MLB-TRUNS-IT5-01OB4DH0VS3R89O-GTE-P00035,07/06/26 08:42 PM EDT,$0.51,37
20260707,MLB-TRUNS-IT5-01OB4CCDVS3O8TG-GTE-P00045,07/06/26 08:43 PM EDT,$0.27,38
20260707,MLB-TRUNS-IT5-01OB4CCDVS3O8TG-GTE-P00045,07/06/26 08:46 PM EDT,$0.45,255
20260707,MLB-TRUNS-IT5-01OB4CCDVS3O8TG-GTE-P00045,07/06/26 08:47 PM EDT,$0.45,127
20260707,MLB-TRUNS-IT5-01OB4CCDVS3O8TG-GTE-P00045,07/06/26 08:47 PM EDT,$0.45,10
20260707,MLB-TRUNS-IT5-01OB4CCDVS3O8TG-GTE-P00045,07/06/26 08:47 PM EDT,$0.42,9
20260707,MLB-TRUNS-IT5-01OB4CCDVS3O8TG-GTE-P00055,07/06/26 08:48 PM EDT,$0.41,23
20260707,MLB-MOVY-IT5-01OB4CCDVS3O8TG-ATES000-GTE-P00035,07/06/26 08:49 PM EDT,$0.42,68
20260707,MLB-TRUNS-IT5-01OB4DH0VS3R89O-GTE-P00025,07/06/26 08:50 PM EDT,$0.60,59
20260707,MLB-TRUNS-IT5-01OB4CCDVS3O8TG-GTE-P00045,07/06/26 08:50 PM EDT,$0.41,127
20260707,MLB-TRUNS-IT5-01OB4DH0VS3R89O-GTE-P00025,07/06/26 08:52 PM EDT,$0.57,100
20260707,MLB-TRUNS-IT5-01OB4CCDVS3O8TG-GTE-P00045,07/06/26 08:53 PM EDT,$0.23,20
20260707,MLB-TRUNS-IT5-01OB4DH0VS3R89O-GTE-P00025,07/06/26 08:57 PM EDT,$0.47,20
20260707,MLB-TRUNS-IT5-01OB4DLNVS3R8QG-GTE-P00055,07/06/26 08:58 PM EDT,$0.52,51
20260707,MLB-TRUNS-IT5-01OB4DMRVS3R92G-GTE-P00045,07/06/26 08:59 PM EDT,$0.52,111
20260707,MLB-TRUNS-IT5-01OB4DH0VS3R89O-GTE-P00025,07/06/26 08:59 PM EDT,$0.48,200
20260707,MLB-MOVY-IT5-01OB4DMRVS3R92G-SDES000-GTE-P00005,07/06/26 09:02 PM EDT,$0.46,520
20260707,MLB-TRUNS-IT5-01OB4DH0VS3R89O-GTE-P00025,07/06/26 09:02 PM EDT,$0.31,64
20260707,MLB-TRUNS-IT5-01OB4DH0VS3R89O-GTE-P00025,07/06/26 09:04 PM EDT,$0.37,75
20260707,MLB-TRUNS-IT5-01OB4DH0VS3R89O-GTE-P00025,07/06/26 09:04 PM EDT,$0.32,2
20260707,MLB-MOVY-IT5-01OB4DLNVS3R8QG-LARS000-GTE-P00005,07/06/26 09:08 PM EDT,$0.60,80
20260707,MLB-TRUNS-IT5-01OB4DH0VS3R89O-GTE-P00035,07/06/26 09:10 PM EDT,$0.25,14
20260707,MLB-MOVY-IT5-01OB4DH0VS3R89O-STLS000-GTE-P00015,07/06/26 09:11 PM EDT,$0.73,11
20260707,MLB-WIN-IT5-01OB4DLNVS3R8QG-COES000,07/06/26 09:14 PM EDT,$0.38,35
20260707,MLB-MOVY-IT5-01OB4DLNVS3R8QG-LARS000-GTE-P00015,07/06/26 09:14 PM EDT,$0.43,17
20260707,MLB-TRUNS-IT5-01OB4DH0VS3R89O-GTE-P00035,07/06/26 09:17 PM EDT,$0.04,37
20260707,MLB-TRUNS-IT5-01OB4DMRVS3R92G-GTE-P00045,07/06/26 09:18 PM EDT,$0.53,81
20260707,MLB-TRUNS-IT5-01OB4DH0VS3R89O-GTE-P00025,07/06/26 09:19 PM EDT,$0.01,20
20260707,MLB-MOVY-IT5-01OB4DLMVS3R8H8-SFTS000-GTE-P00005,07/06/26 09:27 PM EDT,$0.41,8
20260707,MLB-TRUNS-IT5-01OB4DLMVS3R8H8-GTE-P00045,07/06/26 09:27 PM EDT,$0.43,101
20260707,MLB-MOVY-IT5-01OB4DMRVS3R92G-SDES000-GTE-P00005,07/06/26 09:27 PM EDT,$0.46,46
20260707,MLB-TRUNS-IT5-01OB4DLMVS3R8H8-GTE-P00045,07/06/26 09:30 PM EDT,$0.46,41
20260707,MLB-TRUNS-IT5-01OB4DMRVS3R92G-GTE-P00045,07/06/26 09:31 PM EDT,$0.53,909
20260707,MLB-TRUNS-IT5-01OB4DLMVS3R8H8-GTE-P00045,07/06/26 09:34 PM EDT,$0.45,127
20260707,MLB-TRUNS-IT5-01OB4DLNVS3R8QG-GTE-P00055,07/06/26 09:34 PM EDT,$0.53,218
20260707,KBO-MOVY-FG-00N8UBUQPIT766O-NCOS000-GTE-P00015,07/06/26 09:35 PM EDT,$0.84,4
20260707,MLB-MOVY-IT5-01OB4DMRVS3R92G-SDES000-GTE-P00005,07/06/26 09:37 PM EDT,$0.45,416
20260707,MLB-TRUNS-IT5-01OB4DLNVS3R8QG-GTE-P00055,07/06/26 09:38 PM EDT,$0.55,16
20260707,MLB-TRUNS-IT5-01OB4DLMVS3R8H8-GTE-P00045,07/06/26 09:39 PM EDT,$0.44,17
20260707,MLB-TRUNS-IT5-01OB4DMRVS3R92G-GTE-P00045,07/06/26 09:39 PM EDT,$0.50,576
20260707,MLB-TRUNS-IT5-01OB4DLMVS3R8H8-GTE-P00045,07/06/26 09:40 PM EDT,$0.44,233
20260707,MLB-WIN-IT5-01OB4DMRVS3R92G-ARKS000,07/06/26 09:40 PM EDT,$0.49,96
20260707,MLB-WIN-IT5-01OB4DMRVS3R92G-ARKS000,07/06/26 09:41 PM EDT,$0.49,196
20260707,MLB-WIN-IT5-01OB4DLMVS3R8H8-TOYS000,07/06/26 09:45 PM EDT,$0.50,19
20260707,MLB-WIN-IT5-01OB4DMRVS3R92G-SDES000,07/06/26 09:45 PM EDT,$0.26,83
20260707,MLB-WIN-IT5-01OB4DLMVS3R8H8-SFTS000,07/06/26 09:46 PM EDT,$0.53,363
20260707,MLB-MOVY-IT5-01OB4DLMVS3R8H8-SFTS000-GTE-P00005,07/06/26 09:46 PM EDT,$0.46,416
20260707,MLB-TRUNS-IT5-01OB4DMRVS3R92G-GTE-P00055,07/06/26 09:47 PM EDT,$0.56,60
20260707,MLB-TRUNS-IT5-01OB4DMRVS3R92G-GTE-P00055,07/06/26 09:47 PM EDT,$0.53,51
20260707,MLB-TRUNS-IT5-01OB4DLNVS3R8QG-GTE-P00055,07/06/26 09:49 PM EDT,$0.55,350
20260707,MLB-TRUNS-IT5-01OB4DMRVS3R92G-GTE-P00055,07/06/26 09:50 PM EDT,$0.47,250
20260707,MLB-TRUNS-IT5-01OB4DMRVS3R92G-GTE-P00055,07/06/26 09:50 PM EDT,$0.46,100
20260707,MLB-TRUNS-IT5-01OB4DLMVS3R8H8-GTE-P00035,07/06/26 09:50 PM EDT,$0.51,111
20260707,MLB-MOVY-IT5-01OB4DLMVS3R8H8-SFTS000-GTE-P00005,07/06/26 09:51 PM EDT,$0.46,44
20260707,MLB-TRUNS-IT5-01OB4DMRVS3R92G-GTE-P00055,07/06/26 09:51 PM EDT,$0.67,350
20260707,MLB-WIN-IT5-01OB4DMRVS3R92G-SDES000,07/06/26 09:54 PM EDT,$0.28,16
20260707,MLB-TRUNS-IT5-01OB4DLMVS3R8H8-GTE-P00045,07/06/26 09:54 PM EDT,$0.56,5
20260707,MLB-WIN-IT5-01OB4DLNVS3R8QG-LARS000,07/06/26 09:54 PM EDT,$0.64,37
20260707,MLB-TRUNS-IT5-01OB4DLMVS3R8H8-GTE-P00045,07/06/26 09:55 PM EDT,$0.52,17
20260707,MLB-TRUNS-IT5-01OB4DLMVS3R8H8-GTE-P00045,07/06/26 09:58 PM EDT,$0.40,100
20260707,MLB-TRUNS-IT5-01OB4DLMVS3R8H8-GTE-P00045,07/06/26 09:59 PM EDT,$0.40,52
20260707,MLB-TRUNS-IT5-01OB4DLNVS3R8QG-GTE-P00055,07/06/26 09:59 PM EDT,$0.55,70
20260707,MLB-TRUNS-IT5-01OB4DMRVS3R92G-GTE-P00055,07/06/26 09:59 PM EDT,$0.55,340
20260707,MLB-MOVY-IT5-01OB4DLMVS3R8H8-SFTS000-GTE-P00015,07/06/26 09:59 PM EDT,$0.38,100
20260707,MLB-MOVY-IT5-01OB4DLNVS3R8QG-LARS000-GTE-P00015,07/06/26 10:00 PM EDT,$0.45,53
20260707,MLB-TRUNS-IT5-01OB4DLMVS3R8H8-GTE-P00045,07/06/26 10:00 PM EDT,$0.45,101
20260707,MLB-WIN-IT5-01OB4DLMVS3R8H8-TOYS000,07/06/26 10:01 PM EDT,$0.28,30
20260707,MLB-TRUNS-IT5-01OB4DLMVS3R8H8-GTE-P00035,07/06/26 10:02 PM EDT,$0.56,100
20260707,MLB-TRUNS-IT5-01OB4DLNVS3R8QG-GTE-P00055,07/06/26 10:04 PM EDT,$0.55,930
20260707,MLB-WIN-IT5-01OB4DLMVS3R8H8-TOYS000,07/06/26 10:05 PM EDT,$0.23,16
20260707,MLB-TRUNS-IT5-01OB4DMRVS3R92G-GTE-P00055,07/06/26 10:06 PM EDT,$0.42,100
20260707,MLB-TRUNS-IT5-01OB4DLMVS3R8H8-GTE-P00035,07/06/26 10:06 PM EDT,$0.50,100
20260707,MLB-TRUNS-IT5-01OB4DLMVS3R8H8-GTE-P00035,07/06/26 10:07 PM EDT,$0.49,96
20260707,MLB-TRUNS-IT5-01OB4DLNVS3R8QG-GTE-P00055,07/06/26 10:07 PM EDT,$0.51,5
20260707,MLB-TRUNS-IT5-01OB4DLNVS3R8QG-GTE-P00055,07/06/26 10:07 PM EDT,$0.51,37
20260707,MLB-TRUNS-IT5-01OB4DLMVS3R8H8-GTE-P00035,07/06/26 10:07 PM EDT,$0.50,34
20260707,MLB-TRUNS-IT5-01OB4DMRVS3R92G-GTE-P00055,07/06/26 10:08 PM EDT,$0.42,100
20260707,MLB-TRUNS-IT5-01OB4DLNVS3R8QG-GTE-P00055,07/06/26 10:08 PM EDT,$0.51,75
20260707,MLB-TRUNS-IT5-01OB4DMRVS3R92G-GTE-P00045,07/06/26 10:08 PM EDT,$0.57,350
20260707,MLB-TRUNS-IT5-01OB4DLNVS3R8QG-GTE-P00055,07/06/26 10:08 PM EDT,$0.51,178
20260707,MLB-MOVY-IT5-01OB4DLNVS3R8QG-LARS000-GTE-P00015,07/06/26 10:09 PM EDT,$0.45,10
20260707,MLB-TRUNS-IT5-01OB4DLNVS3R8QG-GTE-P00055,07/06/26 10:09 PM EDT,$0.50,9
20260707,NPB-WIN-FG-03VT76N44OIJAB0-HORS000,07/06/26 10:09 PM EDT,$0.59,9
20260707,NPB-TRUNS-FG-03VT76IC4OIJAI8-GTE-P00045,07/06/26 10:10 PM EDT,$0.69,5
20260707,MLB-TRUNS-IT5-01OB4DMRVS3R92G-GTE-P00045,07/06/26 10:10 PM EDT,$0.56,100
20260707,MLB-WIN-IT5-01OB4DLMVS3R8H8-TOYS000,07/06/26 10:10 PM EDT,$0.19,75
20260707,NPB-TRUNS-FG-03VT76J04OIJBQG-GTE-P00045,07/06/26 10:10 PM EDT,$0.72,7
20260707,MLB-WIN-IT5-01OB4DMRVS3R92G-SDES000,07/06/26 10:11 PM EDT,$0.24,76
20260707,NPB-WIN-FG-03VT76J04OIJBQG-FUKS000,07/06/26 10:11 PM EDT,$0.54,7
20260707,NPB-TRUNS-FG-03VT76IK4OIJBNO-GTE-P00035,07/06/26 10:11 PM EDT,$0.72,5
20260707,MLB-TRUNS-IT5-01OB4DLMVS3R8H8-GTE-P00035,07/06/26 10:11 PM EDT,$0.51,39
20260707,NPB-WIN-FG-03VT76LC4OIJAMG-YORS001,07/06/26 10:11 PM EDT,$0.59,14
20260707,NPB-WIN-FG-03VT76N44OIJATO-SANS002,07/06/26 10:12 PM EDT,$0.61,9
20260707,MLB-WIN-IT5-01OB4DLMVS3R8H8-TOYS000,07/06/26 10:12 PM EDT,$0.22,83
20260707,MLB-TRUNS-IT5-01OB4DLNVS3R8QG-GTE-P00055,07/06/26 10:12 PM EDT,$0.51,18
20260707,MLB-TRUNS-IT5-01OB4DLMVS3R8H8-GTE-P00035,07/06/26 10:12 PM EDT,$0.50,64
20260707,KBO-WIN-FG-03VTIN334O0PIDG-DORS000,07/06/26 10:12 PM EDT,$0.66,14
20260707,MLB-TRUNS-IT5-01OB4DMRVS3R92G-GTE-P00045,07/06/26 10:12 PM EDT,$0.57,33
20260707,KBO-MOVY-FG-03VT76M94OIJBF0-LGNS000-GTE-P00015,07/06/26 10:12 PM EDT,$0.36,9
20260707,KBO-WIN-FG-03VT76N44OIJA4G-KTON000,07/06/26 10:13 PM EDT,$0.60,12
20260707,MLB-TRUNS-IT5-01OB4DMRVS3R92G-GTE-P00045,07/06/26 10:13 PM EDT,$0.57,59
20260707,KBO-WIN-FG-03VT76JP4OIJAOG-NCOS000,07/06/26 10:13 PM EDT,$0.52,18
20260707,MLB-WIN-IT5-01OB4DLNVS3R8QG-LARS000,07/06/26 10:13 PM EDT,$0.65,74
20260707,KBO-TRUNS-FG-03VTIN6N4O0PJ4O-GTE-P00135,07/06/26 10:13 PM EDT,$0.27,8
20260707,MLB-WIN-IT5-01OB4DMRVS3R92G-SDES000,07/06/26 10:13 PM EDT,$0.20,15
20260707,MLB-TRUNS-IT5-01OB4DLNVS3R8QG-GTE-P00055,07/06/26 10:14 PM EDT,$0.45,100
20260707,MLB-TRUNS-IT5-01OB4DLNVS3R8QG-GTE-P00055,07/06/26 10:14 PM EDT,$0.45,1111
20260707,MLB-TRUNS-IT5-01OB4DLNVS3R8QG-GTE-P00055,07/06/26 10:14 PM EDT,$0.45,230
20260707,MLB-TRUNS-IT5-01OB4DLNVS3R8QG-GTE-P00055,07/06/26 10:14 PM EDT,$0.45,313
20260707,MLB-TRUNS-IT5-01OB4DLNVS3R8QG-GTE-P00055,07/06/26 10:14 PM EDT,$0.45,1
20260707,MLB-TRUNS-IT5-01OB4DLMVS3R8H8-GTE-P00035,07/06/26 10:14 PM EDT,$0.47,81
20260707,MLB-TRUNS-IT5-01OB4DMRVS3R92G-GTE-P00045,07/06/26 10:14 PM EDT,$0.50,3
20260707,MLB-MOVY-IT5-01OB4DLNVS3R8QG-LARS000-GTE-P00015,07/06/26 10:16 PM EDT,$0.47,54
20260707,MLB-TRUNS-IT5-01OB4DLMVS3R8H8-GTE-P00045,07/06/26 10:17 PM EDT,$0.24,100
20260707,MLB-TRUNS-IT5-01OB4DLMVS3R8H8-GTE-P00045,07/06/26 10:17 PM EDT,$0.27,27
20260707,MLB-WIN-IT5-01OB4DLNVS3R8QG-LARS000,07/06/26 10:18 PM EDT,$0.66,7
20260707,MLB-MOVY-IT5-01OB4DLMVS3R8H8-SFTS000-GTE-P00015,07/06/26 10:19 PM EDT,$0.37,100
20260707,MLB-MOVY-IT5-01OB4DLMVS3R8H8-SFTS000-GTE-P00015,07/06/26 10:19 PM EDT,$0.37,250
20260707,MLB-MOVY-IT5-01OB4DLMVS3R8H8-SFTS000-GTE-P00015,07/06/26 10:21 PM EDT,$0.34,100
20260707,MLB-TRUNS-IT5-01OB4DLNVS3R8QG-GTE-P00045,07/06/26 10:21 PM EDT,$0.53,96
20260707,MLB-MOVY-IT5-01OB4DLNVS3R8QG-LARS000-GTE-P00015,07/06/26 10:21 PM EDT,$0.52,18
20260707,MLB-TRUNS-IT5-01OB4DLMVS3R8H8-GTE-P00025,07/06/26 10:22 PM EDT,$0.51,100
20260707,MLB-MOVY-IT5-01OB4DMRVS3R92G-ARKS000-GTE-P00015,07/06/26 10:22 PM EDT,$0.55,21
20260707,MLB-TRUNS-IT5-01OB4DLMVS3R8H8-GTE-P00025,07/06/26 10:22 PM EDT,$0.50,250
20260707,MLB-TRUNS-IT5-01OB4DLMVS3R8H8-GTE-P00025,07/06/26 10:22 PM EDT,$0.46,238
20260707,MLB-MOVY-IT5-01OB4DLMVS3R8H8-SFTS000-GTE-P00015,07/06/26 10:22 PM EDT,$0.39,250
20260707,MLB-MOVY-IT5-01OB4DLMVS3R8H8-SFTS000-GTE-P00015,07/06/26 10:22 PM EDT,$0.39,100
20260707,MLB-TRUNS-IT5-01OB4DLMVS3R8H8-GTE-P00025,07/06/26 10:22 PM EDT,$0.51,100
20260707,MLB-TRUNS-IT5-01OB4DMRVS3R92G-GTE-P00045,07/06/26 10:23 PM EDT,$0.52,7
20260707,MLB-MOVY-IT5-01OB4DLMVS3R8H8-SFTS000-GTE-P00015,07/06/26 10:23 PM EDT,$0.45,800
20260707,KBO-WIN-FG-03VT76M94OIJBF0-SANS000,07/06/26 10:23 PM EDT,$0.54,17
20260707,MLB-MOVY-IT5-01OB4DLNVS3R8QG-LARS000-GTE-P00015,07/06/26 10:23 PM EDT,$0.47,102
20260707,MLB-TRUNS-IT5-01OB4DMRVS3R92G-GTE-P00085,07/06/26 10:26 PM EDT,$0.46,208
20260707,MLB-TRUNS-IT5-01OB4DLMVS3R8H8-GTE-P00025,07/06/26 10:26 PM EDT,$0.43,100
20260707,MLB-TRUNS-IT5-01OB4DLMVS3R8H8-GTE-P00025,07/06/26 10:27 PM EDT,$0.39,8
20260707,MLB-TRUNS-IT5-01OB4DLMVS3R8H8-GTE-P00025,07/06/26 10:27 PM EDT,$0.46,52
20260707,MLB-TRUNS-IT5-01OB4DLMVS3R8H8-GTE-P00025,07/06/26 10:27 PM EDT,$0.42,100
20260707,MLB-TRUNS-IT5-01OB4DLMVS3R8H8-GTE-P00025,07/06/26 10:27 PM EDT,$0.38,50
20260707,MLB-TRUNS-IT5-01OB4DLMVS3R8H8-GTE-P00015,07/06/26 10:28 PM EDT,$0.63,190
20260707,MLB-TRUNS-IT5-01OB4DLMVS3R8H8-GTE-P00015,07/06/26 10:28 PM EDT,$0.63,100
20260707,MLB-TRUNS-IT5-01OB4DLNVS3R8QG-GTE-P00045,07/06/26 10:28 PM EDT,$0.44,14
20260707,MLB-TRUNS-IT5-01OB4DLMVS3R8H8-GTE-P00025,07/06/26 10:28 PM EDT,$0.41,100
20260707,MLB-TRUNS-IT5-01OB4DLMVS3R8H8-GTE-P00025,07/06/26 10:29 PM EDT,$0.41,100
20260707,MLB-TRUNS-IT5-01OB4DLMVS3R8H8-GTE-P00015,07/06/26 10:29 PM EDT,$0.62,100
20260707,MLB-TRUNS-IT5-01OB4DLMVS3R8H8-GTE-P00025,07/06/26 10:30 PM EDT,$0.41,100
20260707,MLB-TRUNS-IT5-01OB4DLNVS3R8QG-GTE-P00045,07/06/26 10:30 PM EDT,$0.48,120
20260707,MLB-MOVY-IT5-01OB4DLMVS3R8H8-SFTS000-GTE-P00005,07/06/26 10:30 PM EDT,$0.64,100
20260707,MLB-TRUNS-IT5-01OB4DLMVS3R8H8-GTE-P00015,07/06/26 10:30 PM EDT,$0.62,92
20260707,MLB-WIN-IT5-01OB4DLMVS3R8H8-SFTS000,07/06/26 10:31 PM EDT,$0.86,10
20260707,MLB-TRUNS-IT5-01OB4DMRVS3R92G-GTE-P00075,07/06/26 10:32 PM EDT,$0.49,1
20260707,MLB-MOVY-IT5-01OB4DLMVS3R8H8-SFTS000-GTE-P00015,07/06/26 10:34 PM EDT,$0.38,125
20260707,MLB-TRUNS-IT5-01OB4DLNVS3R8QG-GTE-P00055,07/06/26 10:34 PM EDT,$0.49,19
20260707,MLB-TRUNS-IT5-01OB4DLNVS3R8QG-GTE-P00055,07/06/26 10:35 PM EDT,$0.49,196
20260707,MLB-MOVY-IT5-01OB4DMRVS3R92G-ARKS000-GTE-P00045,07/06/26 10:35 PM EDT,$0.75,100
20260707,MLB-TRUNS-IT5-01OB4DLNVS3R8QG-GTE-P00055,07/06/26 10:35 PM EDT,$0.49,49
20260707,MLB-MOVY-IT5-01OB4DLNVS3R8QG-COES000-GTE-P00005,07/06/26 10:35 PM EDT,$0.43,34
20260707,MLB-TRUNS-IT5-01OB4DMRVS3R92G-GTE-P00075,07/06/26 10:35 PM EDT,$0.56,41
20260707,MLB-MOVY-IT5-01OB4DLNVS3R8QG-COES000-GTE-P00005,07/06/26 10:35 PM EDT,$0.43,2
20260707,MLB-WIN-IT5-01OB4DLNVS3R8QG-LARS000,07/06/26 10:37 PM EDT,$0.48,38
20260707,MLB-TRUNS-IT5-01OB4DLNVS3R8QG-GTE-P00055,07/06/26 10:37 PM EDT,$0.45,20
20260707,MLB-TRUNS-IT5-01OB4DMRVS3R92G-GTE-P00075,07/06/26 10:37 PM EDT,$0.52,35
20260707,MLB-TRUNS-IT5-01OB4DLNVS3R8QG-GTE-P00055,07/06/26 10:38 PM EDT,$0.45,34
20260707,MLB-WIN-IT5-01OB4DLNVS3R8QG-LARS000,07/06/26 10:38 PM EDT,$0.49,20
20260707,MLB-TRUNS-IT5-01OB4DMRVS3R92G-GTE-P00075,07/06/26 10:39 PM EDT,$0.44,25
20260707,MLB-TRUNS-IT5-01OB4DLMVS3R8H8-GTE-P00025,07/06/26 10:40 PM EDT,$0.58,23
20260707,MLB-TRUNS-IT5-01OB4DMRVS3R92G-GTE-P00075,07/06/26 10:41 PM EDT,$0.40,1
20260707,MLB-TRUNS-IT5-01OB4DLMVS3R8H8-GTE-P00025,07/06/26 10:41 PM EDT,$0.47,2
20260707,MLB-TRUNS-IT5-01OB4DLMVS3R8H8-GTE-P00025,07/06/26 10:42 PM EDT,$0.46,145
20260707,MLB-WIN-IT5-01OB4DLNVS3R8QG-COES000,07/06/26 10:42 PM EDT,$0.44,543
20260707,MLB-TRUNS-IT5-01OB4DLMVS3R8H8-GTE-P00025,07/06/26 10:42 PM EDT,$0.46,65
20260707,MLB-TRUNS-IT5-01OB4DLMVS3R8H8-GTE-P00025,07/06/26 10:42 PM EDT,$0.45,493
20260707,MLB-MOVY-IT5-01OB4DLNVS3R8QG-LARS000-GTE-P00005,07/06/26 10:42 PM EDT,$0.56,25
20260707,MLB-TRUNS-IT5-01OB4DLMVS3R8H8-GTE-P00025,07/06/26 10:42 PM EDT,$0.44,250
20260707,MLB-TRUNS-IT5-01OB4DLMVS3R8H8-GTE-P00025,07/06/26 10:42 PM EDT,$0.44,88
20260707,MLB-TRUNS-IT5-01OB4DLMVS3R8H8-GTE-P00025,07/06/26 10:45 PM EDT,$0.42,40
20260707,MLB-TRUNS-IT5-01OB4DMRVS3R92G-GTE-P00075,07/06/26 10:45 PM EDT,$0.63,9
20260707,MLB-TRUNS-IT5-01OB4DLMVS3R8H8-GTE-P00025,07/06/26 10:45 PM EDT,$0.40,8
20260707,NPB-MOVY-FG-03VT76IC4OIJAI8-TOWS000-GTE-P00075,07/06/26 10:45 PM EDT,$0.06,71
20260707,MLB-TRUNS-IT5-01OB4DLMVS3R8H8-GTE-P00025,07/06/26 10:46 PM EDT,$0.38,100
20260707,MLB-TRUNS-IT5-01OB4DLMVS3R8H8-GTE-P00025,07/06/26 10:46 PM EDT,$0.38,56
20260707,MLB-TRUNS-IT5-01OB4DLNVS3R8QG-GTE-P00045,07/06/26 10:46 PM EDT,$0.52,200
20260707,MLB-WIN-IT5-01OB4DLNVS3R8QG-LARS000,07/06/26 10:47 PM EDT,$0.43,77
20260707,MLB-TRUNS-IT5-01OB4DLNVS3R8QG-GTE-P00035,07/06/26 10:50 PM EDT,$0.55,100
20260707,MLB-TRUNS-IT5-01OB4DLNVS3R8QG-GTE-P00035,07/06/26 10:50 PM EDT,$0.55,20
20260707,MLB-WIN-IT5-01OB4DLNVS3R8QG-COES000,07/06/26 10:50 PM EDT,$0.57,52
20260707,MLB-TRUNS-IT5-01OB4DLNVS3R8QG-GTE-P00035,07/06/26 10:51 PM EDT,$0.52,60
20260707,MLB-TRUNS-IT5-01OB4DMRVS3R92G-GTE-P00075,07/06/26 10:52 PM EDT,$0.56,99
20260707,MLB-MOVY-IT5-01OB4DLMVS3R8H8-SFTS000-GTE-P00025,07/06/26 10:52 PM EDT,$0.36,29
20260707,MLB-TRUNS-IT5-01OB4DLNVS3R8QG-GTE-P00035,07/06/26 10:52 PM EDT,$0.52,100
20260707,MLB-MOVY-IT5-01OB4DLNVS3R8QG-COES000-GTE-P00005,07/06/26 10:52 PM EDT,$0.46,100
20260707,KBO-WIN-FG-03VT76M94OIJBF0-SANS000,07/06/26 10:52 PM EDT,$0.54,28
20260707,MLB-TRUNS-IT5-01OB4DLNVS3R8QG-GTE-P00035,07/06/26 10:53 PM EDT,$0.52,9
20260707,MLB-TRUNS-IT5-01OB4DMRVS3R92G-GTE-P00075,07/06/26 10:53 PM EDT,$0.56,39
20260707,MLB-TRUNS-IT5-01OB4DLMVS3R8H8-GTE-P00025,07/06/26 10:53 PM EDT,$0.30,37
20260707,MLB-TRUNS-IT5-01OB4DLMVS3R8H8-GTE-P00025,07/06/26 10:53 PM EDT,$0.25,23
20260707,MLB-TRUNS-IT5-01OB4DLNVS3R8QG-GTE-P00035,07/06/26 10:55 PM EDT,$0.51,35
20260707,MLB-WIN-IT5-01OB4DLNVS3R8QG-COES000,07/06/26 10:56 PM EDT,$0.53,76
20260707,MLB-TRUNS-IT5-01OB4DLMVS3R8H8-GTE-P00025,07/06/26 10:56 PM EDT,$0.99,145
20260707,MLB-TRUNS-IT5-01OB4DMRVS3R92G-GTE-P00075,07/06/26 10:56 PM EDT,$0.41,8
20260707,MLB-WIN-IT5-01OB4DLNVS3R8QG-COES000,07/06/26 10:56 PM EDT,$0.38,7
20260707,MLB-MOVY-IT5-01OB4DLNVS3R8QG-LARS000-GTE-P00015,07/06/26 10:57 PM EDT,$0.55,31
20260707,MLB-TRUNS-IT5-01OB4DLNVS3R8QG-GTE-P00055,07/06/26 10:59 PM EDT,$0.44,8
20260707,MLB-MOVY-IT5-01OB4DLNVS3R8QG-LARS000-GTE-P00015,07/06/26 10:59 PM EDT,$0.52,51
20260707,MLB-MOVY-IT5-01OB4DLNVS3R8QG-COES000-GTE-P00005,07/06/26 10:59 PM EDT,$0.14,100
20260707,MLB-TRUNS-IT5-01OB4DMRVS3R92G-GTE-P00075,07/06/26 10:59 PM EDT,$0.43,555
20260707,MLB-TRUNS-IT5-01OB4DMRVS3R92G-GTE-P00075,07/06/26 10:59 PM EDT,$0.35,29
20260707,MLB-TRUNS-IT5-01OB4DMRVS3R92G-GTE-P00075,07/06/26 11:00 PM EDT,$0.29,9
20260707,MLB-TRUNS-IT5-01OB4DLNVS3R8QG-GTE-P00045,07/06/26 11:01 PM EDT,$0.53,4
20260707,MLB-MOVY-IT5-01OB4DLNVS3R8QG-LARS000-GTE-P00015,07/06/26 11:01 PM EDT,$0.44,182
20260707,MLB-WIN-IT5-01OB4DLNVS3R8QG-COES000,07/06/26 11:01 PM EDT,$0.18,119
20260707,MLB-TRUNS-IT5-01OB4DLNVS3R8QG-GTE-P00045,07/06/26 11:01 PM EDT,$0.53,82
20260707,MLB-TRUNS-IT5-01OB4DMRVS3R92G-GTE-P00075,07/06/26 11:02 PM EDT,$0.31,18
20260707,MLB-TRUNS-IT5-01OB4DMRVS3R92G-GTE-P00075,07/06/26 11:02 PM EDT,$0.23,91
20260707,MLB-TRUNS-IT5-01OB4DLNVS3R8QG-GTE-P00055,07/06/26 11:02 PM EDT,$0.35,100
20260707,MLB-MOVY-IT5-01OB4DLNVS3R8QG-LARS000-GTE-P00015,07/06/26 11:02 PM EDT,$0.45,42
20260707,MLB-TRUNS-IT5-01OB4DLNVS3R8QG-GTE-P00045,07/06/26 11:02 PM EDT,$0.53,100
20260707,MLB-TRUNS-IT5-01OB4DLNVS3R8QG-GTE-P00045,07/06/26 11:03 PM EDT,$0.52,100
20260707,MLB-TRUNS-IT5-01OB4DLNVS3R8QG-GTE-P00055,07/06/26 11:03 PM EDT,$0.37,769
20260707,MLB-TRUNS-IT5-01OB4DLNVS3R8QG-GTE-P00055,07/06/26 11:03 PM EDT,$0.40,7
20260707,MLB-MOVY-IT5-01OB4DLNVS3R8QG-LARS000-GTE-P00015,07/06/26 11:04 PM EDT,$0.43,338
20260707,MLB-TRUNS-IT5-01OB4DMRVS3R92G-GTE-P00075,07/06/26 11:04 PM EDT,$0.11,24
20260707,MLB-TRUNS-IT5-01OB4DLNVS3R8QG-GTE-P00045,07/06/26 11:04 PM EDT,$0.51,100
20260707,MLB-TRUNS-IT5-01OB4DLNVS3R8QG-GTE-P00045,07/06/26 11:04 PM EDT,$0.48,27
20260707,MLB-TRUNS-IT5-01OB4DLNVS3R8QG-GTE-P00045,07/06/26 11:04 PM EDT,$0.48,223
20260707,MLB-MOVY-IT5-01OB4DLNVS3R8QG-LARS000-GTE-P00015,07/06/26 11:06 PM EDT,$0.45,17
20260707,MLB-MOVY-IT5-01OB4DLNVS3R8QG-LARS000-GTE-P00015,07/06/26 11:06 PM EDT,$0.45,17
20260707,MLB-TRUNS-IT5-01OB4DLNVS3R8QG-GTE-P00045,07/06/26 11:07 PM EDT,$0.50,19
20260707,KBO-WIN-FG-03VTIN334O0PIDG-SSRS000,07/06/26 11:09 PM EDT,$0.35,10
20260707,MLB-MOVY-IT5-01OB4DLNVS3R8QG-LARS000-GTE-P00015,07/06/26 11:10 PM EDT,$0.39,469
20260707,MLB-MOVY-IT5-01OB4DLNVS3R8QG-LARS000-GTE-P00015,07/06/26 11:10 PM EDT,$0.39,239
20260707,MLB-MOVY-IT5-01OB4DLNVS3R8QG-LARS000-GTE-P00015,07/06/26 11:12 PM EDT,$0.45,438
20260707,MLB-TRUNS-IT5-01OB4DLNVS3R8QG-GTE-P00045,07/06/26 11:15 PM EDT,$0.57,151
20260707,MLB-TRUNS-IT5-01OB4DLNVS3R8QG-GTE-P00055,07/06/26 11:16 PM EDT,$0.53,103
20260707,MLB-TRUNS-IT5-01OB4DLNVS3R8QG-GTE-P00055,07/06/26 11:16 PM EDT,$0.53,5
20260707,MLB-TRUNS-IT5-01OB4DLNVS3R8QG-GTE-P00055,07/06/26 11:17 PM EDT,$0.57,98
20260707,MLB-TRUNS-IT5-01OB4DLNVS3R8QG-GTE-P00065,07/06/26 11:17 PM EDT,$0.55,134
20260707,MLB-TRUNS-IT5-01OB4DLNVS3R8QG-GTE-P00065,07/06/26 11:17 PM EDT,$0.56,172
20260707,MLB-TRUNS-IT5-01OB4DLNVS3R8QG-GTE-P00065,07/06/26 11:18 PM EDT,$0.56,10
20260707,MLB-TRUNS-IT5-01OB4DLNVS3R8QG-GTE-P00055,07/06/26 11:18 PM EDT,$0.77,519
20260707,MLB-TRUNS-IT5-01OB4DLNVS3R8QG-GTE-P00055,07/06/26 11:18 PM EDT,$0.75,250
20260707,MLB-MOVY-IT5-01OB4DLNVS3R8QG-LARS000-GTE-P00035,07/06/26 11:19 PM EDT,$0.60,32
20260707,MLB-TRUNS-IT5-01OB4DLNVS3R8QG-GTE-P00075,07/06/26 11:19 PM EDT,$0.36,1
20260707,KBO-WIN-FG-03VTIN6N4O0PJ4O-LOTS001,07/06/26 11:20 PM EDT,$0.54,5
20260707,MLB-TRUNS-IT5-01OB4DLNVS3R8QG-GTE-P00065,07/06/26 11:20 PM EDT,$0.59,196
20260707,MLB-TRUNS-IT5-01OB4DLNVS3R8QG-GTE-P00065,07/06/26 11:20 PM EDT,$0.59,134
20260707,MLB-TRUNS-IT5-01OB4DLNVS3R8QG-GTE-P00075,07/06/26 11:20 PM EDT,$0.46,1
20260707,MLB-TRUNS-IT5-01OB4DLNVS3R8QG-GTE-P00065,07/06/26 11:21 PM EDT,$0.47,1
20260707,MLB-MOVY-IT5-01OB4DLNVS3R8QG-LARS000-GTE-P00015,07/06/26 11:21 PM EDT,$0.95,31
20260707,MLB-TRUNS-IT5-01OB4DLNVS3R8QG-GTE-P00075,07/06/26 11:22 PM EDT,$0.31,8
20260707,MLB-TRUNS-IT5-01OB4DLNVS3R8QG-GTE-P00075,07/06/26 11:22 PM EDT,$0.54,107
20260707,KBO-WIN-FG-03VTIN6N4O0PJ4O-KIRS000,07/06/26 11:23 PM EDT,$0.48,10
20260707,KBO-WIN-FG-03VT76M94OIJBF0-LGNS000,07/06/26 11:23 PM EDT,$0.47,10
20260707,MLB-TRUNS-IT5-01OB4DLNVS3R8QG-GTE-P00085,07/06/26 11:24 PM EDT,$0.48,100
20260707,MLB-TRUNS-IT5-01OB4DLNVS3R8QG-GTE-P00055,07/06/26 11:25 PM EDT,$0.99,196
20260707,MLB-TRUNS-IT5-01OB4DLNVS3R8QG-GTE-P00085,07/06/26 11:25 PM EDT,$0.46,100
20260707,NPB-WIN-FG-03VT76J04OIJBQG-FUKS000,07/06/26 11:25 PM EDT,$0.54,178
20260707,MLB-TRUNS-IT5-01OB4DLNVS3R8QG-GTE-P00085,07/06/26 11:26 PM EDT,$0.46,100
20260707,MLB-TRUNS-IT5-01OB4DLNVS3R8QG-GTE-P00075,07/06/26 11:27 PM EDT,$0.51,19
20260707,MLB-TRUNS-IT5-01OB4DLNVS3R8QG-GTE-P00075,07/06/26 11:27 PM EDT,$0.51,72
20260707,MLB-MOVY-IT5-01OB4DLNVS3R8QG-LARS000-GTE-P00045,07/06/26 11:28 PM EDT,$0.82,23
20260707,MLB-TRUNS-IT5-01OB4DLNVS3R8QG-GTE-P00075,07/06/26 11:28 PM EDT,$0.51,3
20260707,MLB-TRUNS-IT5-01OB4DLNVS3R8QG-GTE-P00075,07/06/26 11:30 PM EDT,$0.57,254
20260707,MLB-TRUNS-IT5-01OB4DLNVS3R8QG-GTE-P00085,07/06/26 11:31 PM EDT,$0.53,24
20260707,MLB-TRUNS-IT5-01OB4DLNVS3R8QG-GTE-P00085,07/06/26 11:32 PM EDT,$0.51,35
20260707,MLB-TRUNS-IT5-01OB4DLNVS3R8QG-GTE-P00085,07/06/26 11:33 PM EDT,$0.51,39
20260707,MLB-MOVY-IT5-01OB4DLNVS3R8QG-LARS000-GTE-P00045,07/06/26 11:34 PM EDT,$0.36,13
20260707,MLB-MOVY-IT5-01OB4DLNVS3R8QG-LARS000-GTE-P00045,07/06/26 11:34 PM EDT,$0.36,5
20260707,MLB-MOVY-IT5-01OB4DLNVS3R8QG-LARS000-GTE-P00045,07/06/26 11:36 PM EDT,$0.34,138
20260707,MLB-TRUNS-IT5-01OB4DLNVS3R8QG-GTE-P00085,07/06/26 11:36 PM EDT,$0.51,100
20260707,MLB-MOVY-IT5-01OB4DLNVS3R8QG-LARS000-GTE-P00045,07/06/26 11:37 PM EDT,$0.34,138
20260707,MLB-TRUNS-IT5-01OB4DLNVS3R8QG-GTE-P00085,07/06/26 11:37 PM EDT,$0.40,16
20260707,KBO-WIN-FG-03VT76M94OIJBF0-SANS000,07/06/26 11:37 PM EDT,$0.54,8
20260707,MLB-TRUNS-IT5-01OB4DLNVS3R8QG-GTE-P00085,07/06/26 11:38 PM EDT,$0.48,20
20260707,MLB-MOVY-IT5-01OB4DLNVS3R8QG-LARS000-GTE-P00045,07/06/26 11:38 PM EDT,$0.38,33
20260707,MLB-MOVY-IT5-01OB4DLNVS3R8QG-LARS000-GTE-P00045,07/06/26 11:38 PM EDT,$0.32,33
20260707,MLB-MOVY-IT5-01OB4DLNVS3R8QG-LARS000-GTE-P00045,07/06/26 11:39 PM EDT,$0.32,14
20260707,MLB-MOVY-IT5-01OB4DLNVS3R8QG-LARS000-GTE-P00045,07/06/26 11:40 PM EDT,$0.40,9
20260707,MLB-MOVY-IT5-01OB4DLNVS3R8QG-LARS000-GTE-P00045,07/06/26 11:41 PM EDT,$0.39,14
20260707,MLB-MOVY-IT5-01OB4DLNVS3R8QG-LARS000-GTE-P00045,07/06/26 11:42 PM EDT,$0.41,52
20260707,KBO-MOVY-FG-03VT76N44OIJA4G-KTON000-GTE-P00015,07/06/26 11:43 PM EDT,$0.43,22
20260707,MLB-MOVY-IT5-01OB4DLNVS3R8QG-LARS000-GTE-P00045,07/06/26 11:44 PM EDT,$0.22,52
20260707,NPB-WIN-FG-03VT76IC4OIJAI8-TOWS000,07/06/26 11:46 PM EDT,$0.49,9
20260707,NPB-WIN-FG-03VT76J04OIJBQG-FUKS000,07/06/26 11:46 PM EDT,$0.55,8
20260707,NPB-WIN-FG-03VT76IK4OIJBNO-HARS001,07/06/26 11:46 PM EDT,$0.60,8
20260707,NPB-WIN-FG-03VT76N44OIJAB0-HORS000,07/06/26 11:46 PM EDT,$0.60,8
20260707,NPB-WIN-FG-03VT76LC4OIJAMG-YORS001,07/06/26 11:46 PM EDT,$0.59,8
